/*
 Navicat Premium Data Transfer

 Source Server         : xivin
 Source Server Type    : MySQL
 Source Server Version : 50536
 Source Host           : 47.106.152.252:3306
 Source Schema         : blod

 Target Server Type    : MySQL
 Target Server Version : 50536
 File Encoding         : 65001

 Date: 27/11/2019 11:27:33
*/

SET NAMES utf8mb4;
SET FOREIGN_KEY_CHECKS = 0;

-- ----------------------------
-- Table structure for article
-- ----------------------------
DROP TABLE IF EXISTS `article`;
CREATE TABLE `article` (
  `art_id` int(11) NOT NULL AUTO_INCREMENT,
  `art_title` varchar(50) NOT NULL,
  `art_content` text NOT NULL,
  `art_username` varchar(20) DEFAULT NULL,
  `art_date` datetime DEFAULT NULL,
  `art_readnumber` int(11) DEFAULT NULL,
  `art_dianzan` int(11) DEFAULT NULL,
  `art_image` varchar(100) DEFAULT NULL,
  `art_ctg_id` int(11) DEFAULT NULL,
  `art_desc` varchar(255) DEFAULT NULL,
  `art_key_word` varchar(50) DEFAULT NULL,
  PRIMARY KEY (`art_id`),
  KEY `FK8o82goqr2clry9vmulwm07979` (`art_ctg_id`),
  CONSTRAINT `FK1a3vphgg14mjaj9jhlb17ss9` FOREIGN KEY (`art_ctg_id`) REFERENCES `articlecategory` (`ctg_id`),
  CONSTRAINT `FK8o82goqr2clry9vmulwm07979` FOREIGN KEY (`art_ctg_id`) REFERENCES `articlecategory` (`ctg_id`)
) ENGINE=InnoDB AUTO_INCREMENT=110 DEFAULT CHARSET=utf8;

-- ----------------------------
-- Records of article
-- ----------------------------
BEGIN;
INSERT INTO `article` VALUES (7, '对开发本网站的感想', '<p>\r\n	首先，感谢你浏览本网站！这是一个关于java学习的网站，我会在网站发布成套的java学习视频，并时常写一些解决bug的文章以及各方面的学习心得！真心希望各位博友能在这个网站得到想要的资源！\r\n</p>\r\n<p>\r\n	由于技术水平有限，这个网站还有很多待提高的地方，不便之处敬请谅解！同时，我也会努力做到更好！在此之前我刚学了ssh框架，也许你这时会嘲笑，没错，我也没想到ssh已经过时了。还没学web的时候身边的老师、同学都是学完ssh就可以去实习的，但事实并非如此。近些天来我都在关注web方面的博客论坛，才了解到web现在发展到ssm即将过时，未来是springboot等0配置框架！不得不说，我自己的眼光还是不够，不过既然学了，那就用一用吧。我当时选择用ssh框架做这个网站的时候是这样想的！总比原生的servlet+jbdc强吧！而且Hibernate和Struts这两个框架也有它独特之处！而前端我选择用bootstrap框架！下面我说说开发过程遇到的困难：\r\n</p>\r\n<p>\r\n	前端的代码基本都从bootstrap官网copy过来的，难度不到。后台三大框架整合后开始从增删改查开始写，初略的写好了类别、文章、评论、问答……等增删改查。Hibernate基本用的是criteria无语句数据库操作。后面发现文章列表、评论并没有按时间顺序排列，于是想加多order by查询。百度了一下criteria语句怎么加order by 才发现并没有这样的查询，于是又大幅度的修改Hibernate……心挺累的！这也是我记忆最深刻的，以后都不敢用criteria语句了，准确的说，以后也没什么机会用ssh框架了！！！\r\n</p>\r\n<p>\r\n	最后，希望大家多多来看我的文章，祝大家生活愉快！！！<img alt=\"smiley\" height=\"20\" src=\"http://localhost:8080/java1024_v1.0/user/ckeditor/plugins/smiley/images/regular_smile.gif\" title=\"smiley\" width=\"20\" /> \r\n</p>', 'xivin', '2018-11-10 17:21:46', 2, 0, 'http://47.106.152.252:8888/group1/M00/00/03/rBEFh1zVGNKANoBxAACGgspn4oQ594.jpg', 3, '这是我大学期间开发的网站，分享一下我的感想吧！主要想通过这个博客网站分享一些个人的成长经验，希望能给读者带来收获！不足之处，也欢迎提出您宝贵的建议！', '网站开发,个人博客,ssm开发网站,java博客,建立网站,网站运营管理');
INSERT INTO `article` VALUES (44, 'java1024回来 啦啦啦！！！', '<p>\r\n	时隔三个月，java1024家园2.0版本正式上线了，在在这三个月里，java1024家园进行了脱胎换骨的升级！首先是美化了前端UI界面！还有一个很大的页面改动是前台展示和后台管理实现了分离，使得前台专注也博客的展示，后后台负责博客管理！其次，服务器代码也进行了打整改，由原来的ssh转成ssm三层架构！\r\n</p>\r\n<p>\r\n	更新后的java1024家园主要有以下功能：前台的博客浏览、发表评论、查看评论、联系博主；后台功能的发表博客、修改博客、删除博客、查看评论、删除评论等等。其中编写博客使用kindeditor富文本编辑器，为满足大量图片的上传需求，在服务器上搭建了FASTDFS分布式文件系统!\r\n</p>\r\n<p>\r\n	由于时间原因，更多的功能还来不及实现！但对于基本功能来说还是算比较完整的一个博客。如有需要代码参考学习的同学可以联系我，大家共享学习资源，共同进步！！！<img src=\"http://www.java1024.xyz/js/kindeditor-4.1.10/plugins/emoticons/images/29.gif\" border=\"0\" alt=\"\" />如果是大佬的话，小弟就打扰了。\r\n</p>\r\n<p>\r\n	后面我会分享这个博客的开发详细过程，有兴趣的同学可以持续关注java1024，我们一起进步！！！\r\n</p>', 'xivin', '2019-05-10 14:44:31', 0, 0, 'http://47.106.152.252:8888/group1/M00/00/03/rBEFh1zVHriACYvJAABN8qOL7ns356.jpg', 4, '2019年以来，java1024为完善博客系统，不得不暂停正常的运行。今天，java1024家园迎来了大幅度的华丽变身，不仅界面变得更加的好看，功能更加完善、安全，并发量等性能也有了很大的提升！你们的支持就是1024家园继续前行的最大动力！！！我们将不忘初心，继续前进！！！！！', 'java,java博客,博客,java1024');
INSERT INTO `article` VALUES (54, 'springmvc基础篇《一》', '<p>\r\n	springmvc是一个是视图层框架，其底层是servlet，并与spring无缝结合，因此springmvc在今后很长的一段时期都会非常的流行！springmvc与sprig无缝集成，是spring全家桶的重要组成成员之一。对于开发人员来说极大的节约了开发成本，轻量灵活好用，上车吧，骚年！下面看看入门级代码：\r\n</p>\r\n<p>\r\n	<img src=\"http://47.106.152.252:8888/group1/M00/00/03/rBEFh1zeVUSAWMDCAABBFzJSQiE372.jpg\" alt=\"\" /> \r\n</p>\r\n<p>\r\n	入门级程序例示代码：\r\n</p>\r\n<p>\r\n	<br />\r\n</p>\r\n<pre class=\"prettyprint lang-java\">@Controller\r\npublic class PageController{\r\n\r\n    @RequestMapping(\"/index\")\r\n    public String showIndex() {\r\n        return \"index\";\r\n    }\r\n}</pre>\r\n<pre class=\"prettyprint lang-java\">\r\n\r\n<pre class=\"prettyprint lang-java\">@Controller\r\npublic class demo{\r\n    \r\n    //返回json格式，只需要添加ResponseBody注解\r\n    @RequestMapping(\"test\")\r\n    @ResponseBody\r\n    public List getList() {\r\n        return new ArrayList();\r\n    }\r\n\r\n}</pre>\r\n<br />\r\n</pre>\r\n<p>\r\n	<br />\r\n</p>', 'xivin', '2019-05-17 14:30:07', 0, 0, 'http://47.106.152.252:8888/group1/M00/00/03/rBEFh1zeVeCAMkWgAAA743JAjeg324.jpg', 4, 'springmvc基础篇《一》：入门级程序！springmvc是一个是视图层框架，其底层是servlet，并与spring无缝结合，因此springmvc在今后很长的一段时期都会非常的流行！springmvc与sprig无缝集成，是spring全家桶的重要组成成员之一。对于开发人员来说极大的节约了开发成本，轻量灵活好用！', 'springmvc,视图层框架');
INSERT INTO `article` VALUES (57, 'mybatis基础《一》', '<p>\r\n	mybatis是一个持久层框架，由于其灵活敏捷、轻量级及上手快等优势而被广泛使用，占据了90以上的持久层市场份额！下面看一个mytaits的入门级程序！\r\n</p>\r\n<p>\r\n	<br />\r\n</p>\r\n<p>\r\n	<br />\r\n</p>\r\n<pre class=\"prettyprint lang-xml\">mapper查询语句\r\n&lt;select id=\"selectAll\" resultType=\"User\"&gt;\r\n    select * from user\r\n&lt;/select&gt;\r\n&lt;select id=\"selectById\" parameterType=\"integer\" resultType=\"User\"&gt;\r\n    select * from user where userId=#{userId}\r\n&lt;/select&gt;</pre>\r\n<pre class=\"prettyprint lang-xml\">添加更新删除</pre>\r\n<pre class=\"prettyprint lang-xml\">\r\n\r\n<pre class=\"prettyprint lang-java\">&lt;insert id=\"inserUser\" parameterType=\"User\" &gt;\r\n    insert into user value(null,#{username},#{password}\r\n&lt;/insert&gt;\r\n\r\n&lt;update id=\"updateUser\" parameterType=\"User\" &gt;\r\n    update user set username=#{username} where id=#{id}\r\n&lt;/update&gt;\r\n\r\n&lt;delete id=\"deleteUser\" parameterType=\"Integer\"&gt;\r\n    delete from user where id=#{id}\r\n&lt;/delete&gt;</pre>\r\n<br />\r\n</pre>\r\n<p>\r\n	<br />\r\n</p>', 'xivin', '2019-05-17 15:02:36', 0, 0, 'http://47.106.152.252:8888/group1/M00/00/03/rBEFh1zeXIOAVNOBAABJqQup-uI909.jpg', 4, 'mybatis是一个持久层框架，由于其灵活敏捷、轻量级及上手快等优势而被广泛使用，占据了90以上的持久层市场份额！下面看一个mytaits的入门级程序！', 'mybatis,数据库持久层');
INSERT INTO `article` VALUES (63, 'cmf blog基本完善', 'cmfblog开发基本完善', 'fange', '2019-05-22 20:39:17', 0, 0, 'http://47.106.152.252:8888/group1/M00/00/03/rBEFh1zlQqqAdP4oAAFwmv91LNA033.jpg', NULL, '开发完善', NULL);
INSERT INTO `article` VALUES (64, '早起一小时，你就赢了', '<h3 style=\"text-align:justify;font-size:15px;color:#333333;font-family:&quot;background-color:#FFFFFF;\">\r\n	<strong><em>一</em></strong> \r\n</h3>\r\n<p style=\"font-size:15px;color:#333333;font-family:&quot;text-align:justify;background-color:#FFFFFF;\">\r\n	&nbsp; &nbsp; &nbsp; &nbsp;有位前辈跟我算过一笔账：如果每天早起一小时，一个月就比别人多了30个小时。这30个小时，你可以看完几本书，可以在一门新技能上初入门槛……人与人的差距就是这样逐渐拉开的。\r\n</p>\r\n<p style=\"font-size:15px;color:#333333;font-family:&quot;text-align:justify;background-color:#FFFFFF;\">\r\n	&nbsp; &nbsp; &nbsp; &nbsp;这笔账算得我热血沸腾，二话不说，当即着手去实施。\r\n</p>\r\n<p style=\"font-size:15px;color:#333333;font-family:&quot;text-align:justify;background-color:#FFFFFF;\">\r\n	可是这激情来得快褪去得也快，每天早上被闹钟吵醒的电光石火之间，就为自己找了无数的理由和借口开脱：睡眠不足影响一天的效率；学习不差这一会儿，先再补个觉；明天一定把今天欠下的补回来……\r\n</p>\r\n<p style=\"font-size:15px;color:#333333;font-family:&quot;text-align:justify;background-color:#FFFFFF;\">\r\n	&nbsp; &nbsp; &nbsp; &nbsp;等心满意足地睡过去后，又陷入懊悔自责中：“真是没用，自己的征途是星辰大海，怎么连早起都做不到。”\r\n</p>\r\n<p style=\"font-size:15px;color:#333333;font-family:&quot;text-align:justify;background-color:#FFFFFF;\">\r\n	有多少人如我一样，无数次地卯足劲儿想要早起，又无数次地折戟沉沙。\r\n</p>\r\n<p style=\"font-size:15px;color:#333333;font-family:&quot;text-align:justify;background-color:#FFFFFF;\">\r\n	<img src=\"http://47.106.152.252:8888/group1/M00/00/03/rBEFh1zlRDaANZLLAAGcTW2b6hg245.jpg\" alt=\"\" /> \r\n</p>\r\n<h3 style=\"text-align:center;font-size:15px;color:#333333;font-family:&quot;background-color:#FFFFFF;\">\r\n	<strong>二</strong> \r\n</h3>\r\n<p>\r\n	<em></em> \r\n</p>\r\n<p style=\"font-size:15px;color:#333333;font-family:&quot;text-align:justify;background-color:#FFFFFF;\">\r\n	<em>&nbsp; &nbsp; &nbsp; &nbsp; 没有目标感，是最大的拦路虎。</em> \r\n</p>\r\n<p style=\"font-size:15px;color:#333333;font-family:&quot;text-align:justify;background-color:#FFFFFF;\">\r\n	<em>我曾就早起这件事请教过一位学霸朋友。这位朋友笑着跟我说，可能少了一种非达到不可的渴望。倘若你真想练成人鱼线，倘若你从心底里想变优秀……也许闹钟还没响，你自己就已经自发地从床上跳起来了。</em> \r\n</p>\r\n<p style=\"font-size:15px;color:#333333;font-family:&quot;text-align:justify;background-color:#FFFFFF;\">\r\n	<em>&nbsp; &nbsp; &nbsp; &nbsp; 我有点明白朋友的意思了。很多人没法早起，是因为还没有明确心中想要的。</em> \r\n</p>\r\n<p style=\"font-size:15px;color:#333333;font-family:&quot;text-align:justify;background-color:#FFFFFF;\">\r\n	<em>这是多少人的经历：想早起晨读英语，可好像也没有达到非学不可的地步；想爬起来看书，还没翻几页，又陷入自我怀疑中，看这些书是为了什么。固然看书、背英语都是有利的事情，但如果心中抱着可有可无的念头，自然很难坚持下去。反之，如果自己有一个坚定的目标，即使这目标万里之遥，也必逐之。</em> \r\n</p>\r\n<p style=\"font-size:15px;color:#333333;font-family:&quot;text-align:justify;background-color:#FFFFFF;\">\r\n	<em>&nbsp; &nbsp; &nbsp; &nbsp; 就好像“为什么唐僧可以取得真经”这样的问题，在我们不约而同地回答说“因为有孙悟空”时，老师却笑着说：“从踏出长安那一刻，他就知道他的目标在西天，矢志不移。这样的人不成功谁成功？”</em> \r\n</p>\r\n<p style=\"font-size:15px;color:#333333;font-family:&quot;text-align:justify;background-color:#FFFFFF;\">\r\n	<em>&nbsp; &nbsp; &nbsp; &nbsp; 有人年华虚度，空有一身疲倦，不是不够努力，而是在迈向前方时尽是踌躇和茫然。所以在谈自律早起时，不如先想一下为何要早起，先想一下那个想穷其一生都要到达的地方。倘若心中了然，自然就有了早起的动力，有了努力的方向。</em> \r\n</p>\r\n<p>\r\n	<br />\r\n</p>', 'xivin', '2019-05-22 20:46:55', 0, 0, 'http://47.106.152.252:8888/group1/M00/00/03/rBEFh1zlRLOAdE6zAALbhb7cGEI908.jpg', 7, '早起', '早起,人生');
INSERT INTO `article` VALUES (73, 'java基础面试题一', '<h2>\r\n	<ol>\r\n		<li>\r\n			<strong>8大基本数据类型及其长度：</strong> \r\n		</li>\r\n	</ol>\r\n</h2>\r\n<blockquote>\r\n</blockquote>\r\n<blockquote>\r\n	<span>short 2个字节</span> \r\n</blockquote>\r\n<blockquote>\r\n	<span>int 4个字节</span> \r\n</blockquote>\r\n<blockquote>\r\n	long 8个字节\r\n</blockquote>\r\n<blockquote>\r\n	float 4个字节\r\n</blockquote>\r\n<blockquote>\r\n	double 8个字节\r\n</blockquote>\r\n<blockquote>\r\n	char 2个字节\r\n</blockquote>\r\n<blockquote>\r\n	boolean true/false\r\n</blockquote>\r\n<h2>\r\n	2.接口和抽象类。\r\n</h2>\r\n<blockquote>\r\n	<p>\r\n		语法层次上：抽象类用abstract class 来定义，而接口用interface来定义。抽象类的方法访问修饰符可以是public protected private 等，而接口默认的访问修饰符是public，抽象类的方法可以不是抽象方法，而接口定义的方法必须是抽象方法！抽象类有构造方法，而接口没有！\r\n	</p>\r\n	<p>\r\n		设计层次上：抽象类是对类整体的抽象，包括了对属性和行为的抽象，而接口是对行为的抽象。\r\n	</p>\r\n	<p>\r\n		跨域层次上：抽象类是一种继承关系，父类和子类必须存在一种“is -a”的关系，而接口不需要调用接口的类必须和接口定义一致，接口只是实现了接口定义的一种契约，是一种“like-a”的关系。\r\n	</p>\r\n	<p>\r\n		<br />\r\n	</p>\r\n</blockquote>\r\n<h2>\r\n	3.自动装箱和拆箱：\r\n</h2>\r\n<blockquote>\r\n	<p>\r\n		装箱：基本数据类型用对应的引用类型包装起来。\r\n	</p>\r\n	<p>\r\n		拆箱：引用类型转换成对应的基本数据类型。\r\n	</p>\r\n	<p>\r\n		java使用自动装箱和拆箱机制！节省了基本数值的内存开销和创建对象的开销，提高了效率，在编译器编译期间根据语法判断是否进行装箱、拆箱操作！\r\n	</p>\r\n</blockquote>\r\n<h2>\r\n	4.简述面向过程和面向对象的优缺点：\r\n</h2>\r\n<blockquote>\r\n	<p>\r\n		面向过程优点：性能比面向对象要好，因为引用类需要创建对象，这个过程耗费资源。因此面向过程适用于对性能要求较高的编程，比如单片机开发、嵌入式开发、linux编程等等。它的缺点是可维护性、复用性、可拓展性差。\r\n	</p>\r\n	<p>\r\n		面向对象：易于维护、可复用性强、可拓展性好！这离不开面向对象的封装、继承、多态三大面向对象的特性，尤其是封装和继承，极大的提高了代码的复用性！缺点是性能没有面向过程好！\r\n	</p>\r\n</blockquote>\r\n<h2>\r\n	5.各个访问修饰符的访问范围\r\n</h2>\r\n<blockquote>\r\n	<p>\r\n		private 只能被同类内访问\r\n	</p>\r\n	<p>\r\n		public 所有的类都可以访问\r\n	</p>\r\n	<p>\r\n		protected 包内和保外子类可以访问\r\n	</p>\r\n	<p>\r\n		默认 包内可以访问\r\n	</p>\r\n</blockquote>\r\n<blockquote>\r\n	<br />\r\n</blockquote>\r\n<blockquote>\r\n	<br />\r\n</blockquote>', 'xivin', '2019-05-31 00:09:30', 0, 0, 'http://47.106.152.252:8888/group1/M00/00/03/rBEFh1z31XmAArKXAABD_z1tOj4001.jpg', 8, 'java基础面试题一五大常考面试题：面向过程与面向对象、八大基本数据类型、抽象类与接口、装箱和拆箱、访问修饰符！', 'java基础,java面试');
INSERT INTO `article` VALUES (74, '干活分享——网站静态页面免费下载网站', '<p>\r\n	相信很多后端开发的同学看到前端都非常头疼，想搞个自己的网站却无奈不会写不想写静态页面！博主就是一个典型的范例，而在java1024家园的第一个版本UI就是博主手写的，尽管博主已经费尽心思设计页面，无奈自己是个美工的小白和半桶水的前端，因此上一个版本的java1024受到了不少伙伴的吐槽！\r\n</p>\r\n<p>\r\n	吸取经验，java1024家园2.0版本博主深刻的认识到了自己的不足，故借助网络平台的资源参考了他们的页面！下面分享几个免费下载静态页面的平台：\r\n</p>\r\n<p>\r\n	<br />\r\n</p>\r\n<p>\r\n	<br />\r\n</p>\r\n<ul>\r\n	<li>\r\n		<strong>站长之家：</strong><a href=\"http://down.chinaz.com/\" target=\"_blank\"><strong>http://down.chinaz.com/</strong></a> \r\n	</li>\r\n	<li>\r\n		<strong>源码之家：</strong><a href=\"http://www.mycodes.net/\" target=\"_blank\"><strong>http://www.mycodes.net/</strong></a> \r\n	</li>\r\n</ul>\r\n<p>\r\n	<br />\r\n</p>\r\n<ul>\r\n	<li>\r\n		<strong>模板之家：</strong><a href=\"http://www.cssmoban.com/\" target=\"_blank\"><strong>http://www.cssmoban.com/</strong></a> \r\n	</li>\r\n</ul>\r\n以上三个平台足以找到你心仪的页面！\r\n<p>\r\n	<br />\r\n</p>\r\n<p>\r\n	<br />\r\n</p>\r\n<p>\r\n	下面再附上\r\n</p>\r\n<p>\r\n	it必浏览的两个网站\r\n</p>\r\n<p>\r\n	<br />\r\n</p>\r\n<ol>\r\n	<li>\r\n		<strong>GitHub:</strong><a href=\"https://github.com/\" target=\"_blank\"><strong>https://github.com/</strong></a> \r\n	</li>\r\n</ol>\r\n<p>\r\n	<br />\r\n</p>\r\n<ol>\r\n	<li>\r\n		<strong>码云：</strong><strong><a href=\"https://gitee.com/\" target=\"_blank\">https://gitee.com/</a></strong> \r\n	</li>\r\n</ol>\r\n相信我，在这两个平台你肯定发现新大陆，一定不要错过哦！！！\r\n<p>\r\n	<br />\r\n</p>\r\n<p>\r\n	<br />\r\n</p>\r\n<p>\r\n	android项目资源网站：<strong>A5源码下载&nbsp;</strong><a href=\"http://down.admin5.com/\" target=\"_blank\"><strong>http://down.admin5.com/</strong></a> \r\n</p>\r\n<p>\r\n	<br />\r\n</p>\r\n<p>\r\n	<br />\r\n</p>', 'xivin', '2019-06-06 14:24:31', 0, 0, 'http://47.106.152.252:8888/group1/M00/00/03/rBEFh1z4sZiATVG6AANpMYdCbn4954.png', 7, '相信很多后端开发的同学看到前端都非常头疼，想搞个自己的网站却无奈不会写不想写静态页面！博主就是一个典型的范例，而在java1024家园的第一个版本UI就是博主手写的，尽管博主已经费尽心思设计页面，无奈自己是个美工的小白和半桶水的前端，因此上一个版本的java1024受到了不少伙伴的吐槽！', '免费网站模板,网站模板,前端,it学习网站');
INSERT INTO `article` VALUES (75, 'linux常用shell命令', '<h1>\r\n	<ul>\r\n		<li>\r\n			目录基本操作命令\r\n		</li>\r\n	</ul>\r\n</h1>\r\n<ol>\r\n	<h2>\r\n		<ul>\r\n			<li>\r\n				列出目录内容：ls\r\n			</li>\r\n		</ul>\r\n	</h2>\r\n</ol>\r\n<blockquote>\r\n	<blockquote>\r\n		ls&nbsp; &nbsp; &nbsp; &nbsp;#列出当前文件夹的所有文件,\r\n	</blockquote>\r\n	<blockquote>\r\n		ls -l&nbsp; &nbsp; #l列出所有文件，包括隐藏的文件，并以长格式列文件&nbsp; &nbsp;可以简写成&nbsp; ll\r\n	</blockquote>\r\n</blockquote>\r\n<ol>\r\n	<h2>\r\n		<ul>\r\n			<li>\r\n				建立目录：mkdir\r\n			</li>\r\n		</ul>\r\n	</h2>\r\n</ol>\r\n<blockquote>\r\n	<blockquote>\r\n		mkdir test1&nbsp; &nbsp; &nbsp; #创建一个文件夹&nbsp; &nbsp;&nbsp;\r\n	</blockquote>\r\n	<blockquote>\r\n		mkdir test2 test3 test4&nbsp; &nbsp; &nbsp; #创建多个文件夹\r\n	</blockquote>\r\n	<blockquote>\r\n		mkdir -p test5/child&nbsp; &nbsp; &nbsp;#创建多级目录，-p参数避免父级目录没有创建时报错\r\n	</blockquote>\r\n	<h2>\r\n		<ul>\r\n			<li>\r\n				删除目录:rmdir\r\n			</li>\r\n		</ul>\r\n	</h2>\r\n</blockquote>\r\n<blockquote>\r\n	<blockquote>\r\n		rmdir test1&nbsp; &nbsp; &nbsp;#删除目录test1\r\n	</blockquote>\r\n</blockquote>\r\n<blockquote>\r\n	<h2>\r\n		<ul>\r\n			<li>\r\n				改变工作目录：cd (change directory)\r\n			</li>\r\n		</ul>\r\n	</h2>\r\n</blockquote>\r\n<blockquote>\r\n	<blockquote>\r\n		cd /&nbsp; &nbsp; &nbsp; &nbsp; &nbsp; &nbsp;#去root根目录\r\n	</blockquote>\r\n	<blockquote>\r\n		cd /usr&nbsp; &nbsp; &nbsp; &nbsp; &nbsp; &nbsp;#去usr目录\r\n	</blockquote>\r\n	<blockquote>\r\n		cd /test5/child&nbsp; &nbsp;#去test5下的child目录\r\n	</blockquote>\r\n	<blockquote>\r\n		cd ../&nbsp; &nbsp; &nbsp; #返回上一级目录\r\n	</blockquote>\r\n	<blockquote>\r\n		cd ./&nbsp; &nbsp; &nbsp; #留在当前目录\r\n	</blockquote>\r\n</blockquote>\r\n<blockquote>\r\n	<h2>\r\n		<ul>\r\n			<li>\r\n				显示当前目录：pwd\r\n			</li>\r\n		</ul>\r\n	</h2>\r\n</blockquote>\r\n<blockquote>\r\n	<blockquote>\r\n		pwd&nbsp; &nbsp; &nbsp; &nbsp;#显示当前目录\r\n	</blockquote>\r\n</blockquote>\r\n<h1>\r\n	<ul>\r\n		<li>\r\n			文件操作基本命令：\r\n		</li>\r\n	</ul>\r\n</h1>\r\n<ul>\r\n	<h2>\r\n		<ul>\r\n			<li>\r\n				创建文件：touch filename\r\n			</li>\r\n		</ul>\r\n	</h2>\r\n	<ul>\r\n		<ul>\r\n			<li>\r\n				touch test.txt\r\n			</li>\r\n		</ul>\r\n	</ul>\r\n	<h2>\r\n		<ul>\r\n			<li>\r\n				编辑文件：vim filename&nbsp; &nbsp;（<span style=\"background-color:#E53333;\">注意区分命令模式和编辑模式：</span>）\r\n			</li>\r\n		</ul>\r\n	</h2>\r\n	<ul>\r\n		<ul>\r\n			<li>\r\n				vim test.txt&nbsp; &nbsp; &nbsp; &nbsp;#用vim编辑器编辑test.txt文件，<span style=\"background-color:#E53333;\">此时vim编辑器处于命令模式，不能修改或编辑文本，需要按“i或者I”键盘才能进入编辑模式，才能可以编辑文本</span> \r\n			</li>\r\n			<li>\r\n				<span style=\"background-color:#E53333;\">输入文本后，需要再次返回命令模式，才能保存文件并退出，具体操作：按Esc键切换成命令模式，在输入冒号wq后回车，也就是“：wq”，就可以保存退出，如果是输入“：q”表示不保存退出，如果修改了文本但依然不保存退出则使用“：q!”强制不保存退出。</span> \r\n			</li>\r\n		</ul>\r\n	</ul>\r\n	<h2>\r\n		<ul>\r\n			<li>\r\n				显示文件内容或合并文件：cat\r\n			</li>\r\n		</ul>\r\n	</h2>\r\n	<ul>\r\n		<ul>\r\n			<li>\r\n				cat test.txt&nbsp; &nbsp; #显示test.txt的内容\r\n			</li>\r\n			<li>\r\n				cat *.txt&nbsp; &nbsp; &nbsp; #显示所有的txt文件\r\n			</li>\r\n			<li>\r\n				cat test.txt test2.txt &gt; tst.txt&nbsp; &nbsp;#把两个文件的内容合并到tst.txt文件中，其中“&gt;”表示输出重定向。\r\n			</li>\r\n		</ul>\r\n	</ul>\r\n	<h2>\r\n		<ul>\r\n			<li>\r\n				分屏显示文本内容：more\r\n			</li>\r\n		</ul>\r\n	</h2>\r\n	<ul>\r\n		<ul>\r\n			<li>\r\n				more /etc/passwd&nbsp; &nbsp; &nbsp; #显示etc下的系统文件passwd文件的内容\r\n			</li>\r\n			<li>\r\n				<span style=\"background-color:#E53333;\">按回车向前翻一行 按空格向前翻一屏&nbsp; 按q回车退出</span> \r\n			</li>\r\n		</ul>\r\n	</ul>\r\n	<h2>\r\n		<ul>\r\n			<li>\r\n				less命令浏览文件：less\r\n			</li>\r\n		</ul>\r\n	</h2>\r\n	<ul>\r\n		<ul>\r\n			<li>\r\n				less /etc/passwd\r\n			</li>\r\n		</ul>\r\n	</ul>\r\n	<h2>\r\n		<ul>\r\n			<li>\r\n				文件或目录删除:rm\r\n			</li>\r\n		</ul>\r\n	</h2>\r\n	<ul>\r\n		<ul>\r\n			<li>\r\n				rm test2\r\n			</li>\r\n			<li>\r\n				rm -r test5&nbsp; &nbsp; #删除test5目录，包括子目录，-r表示递归方式删除所有目录\r\n			</li>\r\n			<li>\r\n				rm -rf test3&nbsp; &nbsp;#强制删除test3目录，参数f表示强制删除，即不用确认！\r\n			</li>\r\n		</ul>\r\n	</ul>\r\n	<h2>\r\n		<ul>\r\n			<li>\r\n				文件移动或更名：mv\r\n			</li>\r\n		</ul>\r\n	</h2>\r\n	<ul>\r\n		<ul>\r\n			<li>\r\n				mv test.txt test11.txt&nbsp; &nbsp;#把test.txt更名为test11.txt\r\n			</li>\r\n			<li>\r\n				mv test11.txt /usr/&nbsp; &nbsp;#把test11.txt移动到usr目录下\r\n			</li>\r\n		</ul>\r\n	</ul>\r\n	<h2>\r\n		<ul>\r\n			<li>\r\n				文件和 目录的复制：cp\r\n			</li>\r\n		</ul>\r\n	</h2>\r\n	<ul>\r\n		<ul>\r\n			<li>\r\n				cp test.txt /usr/&nbsp; #复制文件\r\n			</li>\r\n			<li>\r\n				cp -r test4 /usr/&nbsp; &nbsp; #复制目录，加上参数 -r\r\n			</li>\r\n		</ul>\r\n	</ul>\r\n</ul>', 'xivin', '2019-06-08 23:08:51', 0, 0, 'http://47.106.152.252:8888/group1/M00/00/04/rBEFh1z70OyAIevZAAA6SniIdgQ533.jpg', 9, 'linux常用基本shell命令，主要介绍目录和文件的进本命令，是玩转linux常用的必备命令！！！', 'linux,linux基本命令,linux操作系统');
INSERT INTO `article` VALUES (76, '求职路上的套路——打着招聘的名义忽悠求职者参加培训', '<p>\r\n	今天来谈谈求职路上常见套路——打着招聘的名义忽悠求职者参加培训。it发展到今天，这大大小小的it培训机构如雨后春笋般层出不断，做的比较大的比如有黑马程序员、创智播客、尚学堂等等，还有更多新的地方性创业公司……这些培训机构招生主要面向大学生和求职、转行的社会年轻人。于是，高校的过于理论缺乏实践、高校的学习环境、高校的综合基础型教育、it行业高薪水成为他们推销课程的最有力“理由”，面对这种忽悠，年轻小伙伴不得不放啊！\r\n</p>\r\n<p>\r\n	<img src=\"http://47.106.152.252:8888/group1/M00/00/04/rBEFh1z9NyeAI_SOAABwsvF0pf4447.jpg\" alt=\"\" /> \r\n</p>\r\n<p>\r\n	<br />\r\n</p>\r\n<ul>\r\n	<li>\r\n		IT行业薪水高！乃最有力、最吸引人的推销工具！我大一时通过所谓的实习讲座就接触过几家培训机构，当时也几乎被他们洗脑成功。好在我实在穷，如果是几千块的培训费我还会考虑，当我知道一万多的培训费之后就完全失去兴趣了。当然他们绝对不会放过我这条“大鱼”，他们想方设法忽悠我，想我通过贷款给他们交学费，而我高考完第一次试水贷款买手机的阴影记忆犹深，是绝对不可能再分期贷款的（打个广告花呗还是很信任的！）。说说他们推销的套路话：首先是噼里啪啦说了一大堆前沿技术，从抽象的人工智能、大数据到嵌入式，再到java、前端等等具体方向。说完再把上面他们所认为的高校的“不足”黑几遍，然后再到他们的课程有多厉害多厉害，培训完就可以实习工作，保证月薪过万。还跟国家银行有合作，帮助经济困难的学习完成实训……这是第一次见面的！然而我并不感冒并表示放弃去培训，过了两周又带了另外一个所谓的工程师，那个工程师可牛逼了，把当时刚活的微信小程序狠狠的吹了一遍（16年），声声都是只要跟着他学半年出来创业年薪百万，培训那一万块压根都不是钱！我当时就呵呵的，你那么牛逼还在这里为了几千块的工资浪费口水。。。后面就没来了……\r\n	</li>\r\n	<li>\r\n		经过这次经验后，我就对培训机构非常的敏感，通常也在博客等社区关注其动态。很快我就注意到那间培训机构有打着招聘的借口忽悠参加培训，主要手段就是邀请你去笔试，笔试题目相当难且偏，于是找你谈话，找你的各种各样毛病，然后让你参加培训就可以月薪过万……没有经验的人，稍微不留神就贷款参加培训了，尤其是对it行业缺乏认识的，被他对自己的贬低、对it薪水的吸引给忽悠了（要转行的年轻人）！之后，慢慢的我发现无论大小培训机构基本都干过这么龌龊的事情，且不谈培训机构怎么样，但利用这种手段来谋取利益肯定是不对的、不合法的，不知道我说得对不对。\r\n	</li>\r\n	<li>\r\n		对于这种现象，随着知识面的增长我也有了不同的见解！首先是：天下没有免费的午餐，越努力越幸运！试想，如果参加半年的培训就可以月薪过万，那还会有那么多普通员工拿着四五千的薪水吗？尤其是现在的互联网发展趋势，已经不再是做出来就很牛逼的了。更重要的是<strong>高并发高并发高并发</strong>还有安全！所以，对大公司来说更注重底层和基础。对于注意搬砖的小型外包公司，半年的培训也比不过高校生，培训半年无非就是用几个框架，高校生不用两个星期就可以把它们拿下！\r\n	</li>\r\n	<li>\r\n		那么？我们该如何选择！我的建议是，对于高校生：建议首先自学（网上的网课、视频教材很多包括培训机构的），争取进入老师的实验室团队，哪里有优秀的学长、优秀的老师带队、还有一帮一起进步的同学，进度跟上去还可以跟着老师做真实项目，那是最好的！一般进入实验是团队都会有门槛，所以建议自学做个静态网页也好！对于社会上要转行的年轻人：不要一味以为it薪水很高，更不要因为薪水高就冲动着要转行！其次，你考虑你的年龄、学习能力等等，真要学好it是难的，要学的东西很多！所以，你也许只是一时冲动，我建议去网上找资料自学一些入门级的课程，比如c语言、java、前端的html、css、js看看自己是否真的能适应、是否有信心、有足够的时间和精力去深造！这些资料百度一搜很多（建议去b站看看）！！！最后，不用轻易把钱给陌生花哦！<img src=\"https://www.java1024.xyz/blodadmin/js/kindeditor-4.1.10/plugins/emoticons/images/29.gif\" border=\"0\" alt=\"\" /> \r\n	</li>\r\n</ul>\r\n<p>\r\n	<br />\r\n</p>', 'xivin', '2019-06-10 01:31:07', 0, 0, 'http://47.106.152.252:8888/group1/M00/00/04/rBEFh1z9QlmAWmHpAABVbo0Af_0426.jpg', 8, '今天来谈谈求职路上常见套路——打着招聘的名义忽悠求职者参加培训。it发展到今天，这大大小小的it培训机构如雨后春笋般层出不断，做的比较大的比如有黑马程序员、创智播客、尚学堂等等……这些培训机构招生主要面向大学生和求职、转行的社会年轻人。于是，高校的过于理论缺乏实践、高校的学习环境、高校的综合基础型教育、it行业高薪水成为他们推销课程的最有力“武器”！', 'it面试，it培训，it求职，it培训骗局');
INSERT INTO `article` VALUES (81, 'SEO优化入门实用教程', '<p>\r\n	开门见山，首先走流程一句话带过SEO优化的作用：尽可能的让百度、360、搜狗等搜索引擎收录你的网站，并给你的网站带来更多的流量！\r\n</p>\r\n<p>\r\n	那么，对于SEO优化完全没有方向感的你如该怎么办呢？以下内容将带你轻松实现基本的SEO优化：\r\n</p>\r\n<p>\r\n	<br />\r\n</p>\r\n<ul>\r\n	<li>\r\n		第一个站长工具是：站长之家&nbsp;<a href=\"http://www.chinaz.com/\" target=\"_blank\">http://www.chinaz.com/</a>&nbsp;是一个功能非常强大的站长工具，在这个网站你可以查看服务器及ip、备案等网站信息，还可以查看网站被各大搜索引擎的收录情况、SEO优化分析及建议，关键词优化分析等等……话不多说，来图讲解<img src=\"http://47.106.152.252:8888/group1/M00/00/04/rBEFh1z-aTOAbBQIAAEa4aNbViE265.png\" alt=\"\" /> \r\n	</li>\r\n	<li>\r\n		上图站长之家的SEO综合查询的截图，重要的信息有各大搜索引擎的收录和反链情况，接着是你的网页的标题、关键字和描述——这三个重要信息就是SEO优化的第一步，是引擎收录的最基本条件，不可缺少！操作也很简单：\r\n<pre class=\"prettyprint lang-html\">&lt;title&gt;java1024&lt;/title&gt;\r\n&lt;meta name=\"description\" content=\"java1024家园，一个专门探讨java技术的社区，欢迎大家经常来讨论技术，共同进步，一起分享经验！！！\"&gt;\r\n &lt;meta name=\"keywords\" content=\"java自学,java博客,java1024\"&gt;\r\n</pre>\r\n	</li>\r\n</ul>\r\n<p>\r\n	<br />\r\n</p>\r\n<blockquote>\r\n	<p>\r\n		把以上代码添加到html的header标签里面，其中title网站标题，一般不超过80个字，description描述一般不超过200个字，keywords关键词不超过100个字（关键词之间用英文逗号隔开）！\r\n	</p>\r\n</blockquote>\r\n<ul>\r\n	<li>\r\n		下面看看站长之家对SEO优化的建议：\r\n	</li>\r\n</ul>\r\n<blockquote>\r\n	<p>\r\n		<img src=\"http://47.106.152.252:8888/group1/M00/00/04/rBEFh1z-bHaAIQcaAAFUTR92oxQ580.png\" alt=\"\" /> \r\n	</p>\r\n</blockquote>\r\n<blockquote>\r\n	<p>\r\n		URL长度估计没有大的问题，值得注意的是视频和图片要加上描述信息，例如图片标签加上alt=\"图片说明\"。\r\n	</p>\r\n</blockquote>\r\n<ul>\r\n	<li>\r\n		完成了最基本的SEO优化后，下一步就是把我们的网站告诉百度和360（还有搜狗等等），具体步骤也非常简单，注册百度搜索资源平台还有360站长工具等，完成对网站的校验，一般是把他们提供的js代码或者文件放到网站首页或者网站根目录下！这个过程就详细描述了，有问题下面留言吧！再附上他们的链接：百度资源搜索&nbsp;<a href=\"https://ziyuan.baidu.com/\" target=\"_blank\">https://ziyuan.baidu.com/</a>&nbsp; 360站长平台：<a href=\"http://zhanzhang.so.com/\" target=\"_blank\">http://zhanzhang.so.com/</a>&nbsp;\r\n	</li>\r\n	<li>\r\n		再顺便提一下注册了百度搜索资源平台后最重要的一步——<strong>链接提交</strong>！通俗的说就是把链接提交给百度，让它爬去网页的信息，后者会有相应的引擎算法判断你提交的网站的优劣以及是否要收录！链接提交的方式有手动提交和自动提交，对于新手可以采用简单粗暴的手动提交，新站还有新站保护。但这不是长久之道，自动提交的手段还是要学学，其实也非常简单。下面讲解两种简单一点的主动提交方式：引入js脚本和sitemap文件提交，引入js就是单纯的获取百度的js放到页面中，而sitemap提交是创建一个sitemap.txt（也尅是其他后缀文档）文档，文档里面每一行放一条链接，写完放到服务器里面然后把该文件的路径告诉百度！（这几种提交方式鼓励同时进行，效果会更佳！！！）\r\n	</li>\r\n</ul>\r\n<blockquote>\r\n	<img src=\"http://47.106.152.252:8888/group1/M00/00/04/rBEFh1z-cjKABkgBAAC06UdiQtw661.png\" alt=\"\" /> \r\n</blockquote>\r\n<blockquote style=\"text-align:center;\">\r\n	js脚本方式引进\r\n</blockquote>\r\n<blockquote>\r\n	<br />\r\n</blockquote>\r\n<blockquote>\r\n	<br />\r\n</blockquote>\r\n<blockquote>\r\n	<img src=\"http://47.106.152.252:8888/group1/M00/00/04/rBEFh1z-cjOAWE6_AACaSAl0Db0301.png\" alt=\"\" /> \r\n</blockquote>\r\n<blockquote style=\"text-align:center;\">\r\n	sitemap方式提交\r\n</blockquote>\r\n<blockquote style=\"text-align:left;\">\r\n	<ul>\r\n		<li>\r\n			360站长工具要做的事情也差不多！至此，你已经成功入门SEO优化了！但是路还长着，如何对关键词词优化、如何优化文章标题以及如何提升网站内容需要更多的时间是精力学习！行动吧，骚年！\r\n		</li>\r\n		<li>\r\n			再给大家提交两个百度站长工具：百度统计<a href=\"https://tongji.baidu.com/\" target=\"_blank\">https://tongji.baidu.com/</a>&nbsp; 百度站内搜索：<a href=\"https://zn.baidu.com/\" target=\"_blank\">https://zn.baidu.com/</a>&nbsp;\r\n		</li>\r\n	</ul>\r\n</blockquote>', 'xivin', '2019-06-10 23:17:07', 0, 0, 'http://47.106.152.252:8888/group1/M00/00/04/rBEFh1z-ZiiAH2LIAAAo_Wa0Ktw856.jpg', 3, '首先走流程一句话带过SEO优化的作用：尽可能的让百度、360、搜狗等搜索引擎收录你的网站，并给你的网站带来更多的流量！那么，对于SEO优化完全没有方向感的你如该怎么办呢？下面博主从站长之家、百度站长工具、360站长工具教你如何轻松入门SEO优化！', 'SEO优化实用技巧,网站运营经验,站长,网站运营,前端优化');
INSERT INTO `article` VALUES (82, 'java基础面试题《二》——集合框架', '<blockquote>\r\n	<h3>\r\n		java面试基础《一》——面向对象java语法概念：<a href=\"https://www.java1024.xyz/article/id?artId=73\" target=\"_blank\">https://www.java1024.xyz/article/id?artId=73</a>\r\n	</h3>\r\n	<h2>\r\n		1.<span>简述</span><span>ArrayList</span><span>和</span><span>vector</span><span>的区别：</span>\r\n	</h2>\r\n	<p class=\"MsoNormal\">\r\n		<span>他们都实现了</span>List<span>接口，他们都是有序集合，相当于一种动态数组。集合中的元素允许重复，且可以通过索引来获取元素。而</span><span>HashSet</span><span>是无序集合，它不允许存储重复的元素。</span>\r\n	</p>\r\n	<p class=\"MsoNormal\">\r\n		他们的区别主要有两方面：\r\n	</p>\r\n	<p class=\"MsoNormal\">\r\n		<span><strong>同步性：</strong></span>ArrayList<span>不是线程安全的，它的方法是线程不同步的。而</span><span>Vector</span><span>是线程安全的，也就说它的方法之间是同步的。因此，在单线程中通常使用</span><span>ArrayList</span><span>，可以提高集合的效率；而在多线程中通常使用</span><span>Vector</span><span>，这样就可以节省去线程安全的处理。</span>\r\n	</p>\r\n	<p class=\"MsoNormal\">\r\n		<span><strong>增长性：</strong>前面提到他们的底层都是动态数组。集合被创建时就会初始化一个默认大小的数组，当元素个数到达数组长度时，</span>jvm<span>就会动态的增加数组的长度，并且增加的长度也是不一样的。</span><span>Vector</span><span>每次增长是原来的两倍，而</span><span>ArrayList</span><span>每次增长是原来的</span><span>1.5</span><span>倍，我想着大概是</span><span>Vector</span><span>的适用范围是多线程使用的时候元素比较多，因此每次增长的长度较大！</span>\r\n	</p>\r\n	<h2>\r\n		2.<span>简述</span><span>HashMap</span><span>和</span><span>HashTable</span><span>的区别：</span>\r\n	</h2>\r\n	<p class=\"MsoNormal\">\r\n		<span>他们都实现了</span>Map<span>接口，但</span><span>HashTable</span><span>继承与</span><span>Dictionary</span><span>类。</span>\r\n	</p>\r\n	<p class=\"MsoNormal\">\r\n		<span><strong>产生时间</strong>：</span>HashTable<span>是</span><span>java</span><span>发布就有的键值映射数据结构，而</span><span>HashMap</span><span>是</span><span>jdk2.0</span><span>才引进的</span><span>Map</span><span>实现类。</span>\r\n	</p>\r\n	<p class=\"MsoNormal\">\r\n		<span><strong>同步性</strong>：</span>HashMap<span>是线程不安全的，在单线程中使用</span><span>HashMap</span><span>性能会更高，而在多线程中使用</span><span>hashTable</span><span>不用认为处理线程同步的代码。</span>\r\n	</p>\r\n	<p class=\"MsoNormal\">\r\n		<span><strong>某些方法</strong></span> <span><strong>不同</strong>：</span>HashTTable<span>多了</span><span>elements()</span><span>和</span><span>contains()</span><span>方法，</span><span>elements()</span><span>继承与父类</span><span>Dictionary</span><span>，而</span><span>contains</span><span>（）方法作用和</span><span>containsValue()</span><span>一致，都是判断集合是否含有传入的</span><span>value</span><span>。</span>\r\n	</p>\r\n	<p class=\"MsoNormal\">\r\n		<span><strong>元素类型</strong>：</span>HashTable<span>的</span><span>key</span><span>和</span><span>value</span><span>都不允许为</span><span>null</span><span>，而</span><span>HashMap</span><span>的键和值都可以为</span><span>Null;</span>\r\n	</p>\r\n	<p class=\"MsoNormal\">\r\n		<span><strong>遍历方式不一样</strong>：</span>HashMap<span>和</span><span>HashTable</span><span>都使用了</span><span>iterator</span><span>，由于历史原因</span><span>HashTable</span><span>还是用</span><span>Enumeration</span><span>方式遍历集合，而</span><span>HashMap</span><span>使用的是</span><span>fail-fast</span><span>迭代器。</span>\r\n	</p>\r\n	<p class=\"MsoNormal\">\r\n		<span><strong>初始化大小和增量不一样</strong>：</span>HashTabla<span>初始化大小是</span><span>11</span><span>，容量满后每次增加原来的</span><span>2n+1</span><span>倍，而</span><span>HashMap</span><span>初始化大小是</span><span>16</span><span>，每次增长为原来的两倍。</span>\r\n	</p>\r\n	<h2>\r\n		3.<span>简述</span><span>List,Map</span><span>和</span><span>Set</span><span>的区别</span>\r\n	</h2>\r\n	<p class=\"MsoNormal\">\r\n		<span>他们都实现了</span>Collection<span>接口，</span><span>List</span><span>是有序集合，可以通过索引来获取元素，元素可以重复存储；而</span><span>Set</span><span>是无序集合，不允许保存重复元素，没有索引。</span>\r\n	</p>\r\n	<p class=\"MsoNormal\">\r\n		<span>在使用场景上他们的主要却别是</span>List<span>使用与经常查询和修改的元素，而</span><span>Set</span><span>多用于经常添加的场景。</span><span>Map</span><span>是一种键值映射的集合，它与</span><span>Collection</span><span>接口没有关系，但也属于集合系列，它不允许重复的键，但允许存储重复的值，通常采用</span><span>key</span><span>来获取元素。</span>\r\n	</p>\r\n	<h2>\r\n		4.List,Set ,Map<span>都实现了</span><span>Collection</span><span>接口吗？</span>\r\n	</h2>\r\n	<p class=\"MsoNormal\">\r\n		List<span>和</span><span>Set</span><span>实现了</span><span>Collection</span><span>接口，但是</span><span>Map</span><span>没有实现。</span>\r\n	</p>\r\n	<h2>\r\n		5.List/Map/Set<span>，三个接口，存储元素时，各有什么特点？</span>\r\n	</h2>\r\n	<p class=\"MsoNormal\">\r\n		List<span>和</span><span>Set</span><span>相似，他们都是单列集合。</span><span>List</span><span>的元素时有序的，并且允许保存重复的值，</span><span>List</span><span>存储元素通常采用</span><span>add(e)</span><span>方法，它的索引值是前一个元素加</span><span>1</span><span>，当然也可以通过指定的索引位置添加元素，</span><span>add(index,obj)</span><span>，集合中的元素并非是元素的对象，而是有数组引用指向了这个对象，因此</span><span>List</span><span>集合保存重复元素不会创建新的元素对象。而</span><span>Set</span><span>是无序的，并且不允许存储重复的元素，在</span><span>add</span><span>添加元素前先通过</span><span>iterator</span><span>判断是否已存在该元素，通过</span><span>equals</span><span>（）判断是否已存在该元素。在获取</span><span>Set</span><span>集合的元素时并不能获取某个元素，而是通过</span><span>Iterator</span><span>遍历所有的元素。</span><span>Map</span><span>是一个键值映射集合，每次添加元素都用</span><span>Put(key,value)</span><span>都需要</span><span>key</span><span>和</span><span>value,</span><span>而且</span><span>key</span><span>不能重复，判断</span><span>key</span><span>是否重复也是通过</span><span>equals</span><span>实现的。</span>\r\n	</p>\r\n	<p class=\"MsoNormal\">\r\n		&nbsp;\r\n	</p>\r\n	<h2>\r\n		6.ArrayList/Vector/LinkedList<span>的存储性能和特性：</span>\r\n	</h2>\r\n	<p class=\"MsoNormal\">\r\n		ArrayList<span>和</span><span>Vector</span><span>都采用数组存储数据元素，他们都允许按序号索引元素，在插入元素时需要移动数组元素的内存，因此他们索引快但插入慢。而由于与</span><span>Vector</span><span>的方法是线程同步的，故他是线程安全的但性能不如</span><span>Arraylist</span><span>。</span><span>LinkedList</span><span>采用双向列表存储集合元素，在插入元素时只需要指定插入的位置即可，不需要移动其他的元素，但对于索引只能从前往后或从后往前，因此</span><span>LinkedList</span><span>插入性能高但索引性能差！</span><span>LinkedList</span><span>也是线程不安全的。</span>\r\n	</p>\r\n	<h2>\r\n		7.Collection<span>和</span><span>Collections</span><span>的区别</span><span>:</span>\r\n	</h2>\r\n	<p class=\"MsoNormal\">\r\n		Collection<span>集合类的上级接口，实现该接口的类主要有</span><span>List</span><span>和</span><span>Set</span><span>。</span>\r\n	</p>\r\n	<p class=\"MsoNormal\">\r\n		<span>而</span>Collections<span>则是针对集合类的帮助类，它提供一系列静态方法实现对各种集合类的排序、搜索和线程同步等操作。</span>\r\n	</p>\r\n</blockquote>', 'xivin', '2019-06-11 10:46:32', 0, 0, 'http://47.106.152.252:8888/group1/M00/00/04/rBEFh1z9QlmAWmHpAABVbo0Af_0426.jpg', 8, 'java基础面试之集合框架篇，主要介绍java集合框架中的List，Set，Map集合的实现类及他们的区别，过程中还提到了他们的底层数据结构原理！', 'java面试,java面试题目,java集合框架,Collection集合,List集合');
INSERT INTO `article` VALUES (83, 'java面试题高并发缓存篇——Redis', '1. redis简介及其优缺点描述<br />\r\nredis，全名是Remote Dictionary Sever，是一个键值对的内存性数据库，整个数据库统统加载到内存中ji进行操作，同时它会定时的通过异步操作把数据刷新到硬盘中保存。它是一个内存性数据库，因此它的性能很高， 每秒能处理10万次读写操作。除此之外，它还支持多达5种的数据结构，其中包括String List Set Sort Set/Hashes。单个value的最大限制是1G！另一方面，正因为整个数据库都在内存中操作，因此数据库的容量会受到物理内存的影响，不适用于海量数据的读写操作，而适用于局限小数据量的高性能读写（比如某些栏目或者分类、它的数据量小但又属于高并发访问）。<br />\r\n2. redis有几种数据淘汰策略<br />\r\nnoeviction:返回错误当内存达到上限时客户端的操作命令，除了Del几个例外。<br />\r\nallkeys-lru:尝试回收最少使用的键LRU,使得新添加的数据有空间存放。<br />\r\nvolatile-lru:尝试回收最少使用的键LRU,但局限于过期集合中的键，从而使新添加的数据有空间存放。<br />\r\nallkeys-random:尝试随即收回键使得新添加的数据有空间存放。<br />\r\nvolatile-random:尝试随即回收键但局限于过期集合中的键使得新添加的数据有空间存放。<br />\r\nvolatile-ttl:尝试回收集合中过期的键，并优先回收存活时间（ttl）较短的键，使得新添加的数据有空间存放。<br />\r\n3.redis为什么把所有数据放到内存中？<br />\r\nredis把数据放到内存中使得读写性能最高，使得它具有快速和持久化的特性，如果不是用内存进行读写的话将严重的影响i/o操作。<br />\r\n4.redis的集群方案有哪些？<br />\r\ncodis :目前用得最多的集群方案，<br />\r\nredis cluster3.0:是一种无中心结构，每一个节点都保存数据和集群的状态，每个节点都和其他点连接。redis-cluster是一种服务端分片技术。每个节点都与N-1个节点相连，成为集群总线，他们使用特殊的端口（对外开发端口号加10000）。所以对每个节点的维护很重要，一旦某个节点不能工作，就会导致整个集群瘫痪，通常采用主从复制来维护节点！集群预先分配好16384个桶，在添加数据操作时，先通过crc16(key)计算放到那一个桶，再把数据插入这个桶！<br />\r\n5.redis有哪些适用场景。<br />\r\n1〉会话缓存：在分布式系统中，通常采用redis保存会话信息，给他设定过期时间来达到session共享的效果，一般叫它做单点登录。<br />\r\n2〉消息：<br />\r\n3〉发布/订阅：<br />\r\n4〉排行榜/计数器：redis在内存中对数据进行递增/递减操作实现非常好，提供了集合Set和有序集合Sort Set使得这些操作非常方便。<br />\r\n6：redis 支持的java客户端<br />\r\nredission/jedis,其中官方推荐使用redisson。<br />\r\n7：redis集群最大节点数：16384个节点<br />\r\n8：redis如何做内存优化<br />\r\n尽量使用散列表（hashes)，因为散列表使用的内存非常小。<br />\r\n9：reids回收进程如何工作：<br />\r\n一个客户执行了新的新添加数据的命令后，redis先检查内存使用情况，当大于maxmonery的限制时，就会根据设定的淘汰策略淘汰数据释放空间。<br />\r\n10：redis常用命令：<br />\r\nttl 查看还有多少秒过期，1代表永久存在，2代表已过期；expire设置过期时间（单位为秒），peisist永久有效！<br />', 'xivin', '2019-06-11 10:56:34', 0, 0, 'http://47.106.152.252:8888/group1/M00/00/04/rBEFh1z9QlmAWmHpAABVbo0Af_0426.jpg', 8, 'redis，全名是Remote Dictionary Sever，是一个键值对的内存性数据库，整个数据库统统加载到内存中ji进行操作，同时它会定时的通过异步操作把数据刷新到硬盘中保存。它是一个内存性数据库，因此它的性能很高， 每秒能处理10万次读写操作。除此之外，它还支持多达5种的数据结构，其中包括String List Set Sort Set/Hashes。', 'redis面试,redis缓存,java面试题,高并发缓存,nosql');
INSERT INTO `article` VALUES (84, 'javaWEB自学路线', '<blockquote>\r\n	<ul>\r\n		<li>\r\n			网上很多培训机构都有自己一套java学习路线，他们都是大同小异，而笔者今天说的则大不相同，我今天要分享的是如何自学java，包括每个阶段的时间安排以及重难点！主要吧包括了解前端知识、javaweb原生开发、ssm框架，springboot，springcloud等等。\r\n		</li>\r\n		<li>\r\n			前端是学习javaweb的前置知识，web开发自然离不开web前端知识，尽管我们专供后端开发，我们依然要了解前端一些常见、用的多且跟后端有关的知识。（这个阶段推荐两个星期内完成，html/css一周，js/jquery一周）\r\n		</li>\r\n	</ul>\r\n</blockquote>\r\n<blockquote>\r\n	<blockquote>\r\n		<img src=\"http://47.106.152.252:8888/group1/M00/00/04/rBEFh1z_OMqAVuLcAAAjkIkVggA455.jpg\" alt=\"\" /> \r\n	</blockquote>\r\n</blockquote>\r\n<blockquote>\r\n	<ul>\r\n		<ul>\r\n			<li>\r\n				html：知道一些常用标签，如a,img,div以及表单输入标签input(text,password,submit,button,hidden);\r\n			</li>\r\n			<li>\r\n				css：知道一些常用的样式属性，比如backgroud,float,margin,padding等，区分id和class;\r\n			</li>\r\n			<li>\r\n				js:会获取id.class的值，修改属性，\r\n			</li>\r\n			<li>\r\n				jquery:同样是简单的获取id和class,掌握ajax异步请求，熟悉json数据格式（异步请求会直接跟后端对接，必须会）\r\n			</li>\r\n		</ul>\r\n		<li>\r\n			跟着就是javaweb原生开发，这个阶段是用来了解javaweb开发的底层原理的，在实际开发过程 中不会采用原生的技术开发，但是这对我们认识web开发和在后面学习框架很有帮助，所以必须要学习并记住一些常用api，我把它的学习内容也减少了！\r\n		</li>\r\n		<ul>\r\n			<li>\r\n				在开始前需要安装tomcat及配置环境变量！\r\n			</li>\r\n			<li>\r\n				servlet:&nbsp; 如何从request，session域获取参数，reqeust域和session域的作用范围，弄清楚转发和重定向区别。对于初学者来说<span style=\"background-color:#E53333;\">这是javaweb原生开发的最重要知识点</span>！！！\r\n			</li>\r\n			<li>\r\n				jsp:熟悉jsp常用标签即可！\r\n			</li>\r\n			<li>\r\n				filter:理解filter机制，实现一个登录拦截器即可！\r\n			</li>\r\n			<li>\r\n				listener:理解监听器概念，可以不用编码！\r\n			</li>\r\n			<li>\r\n				mvc:理解mvc三层开发模式，model模型，view视图,controller控制\r\n			</li>\r\n			<li>\r\n				jdbc原生数据库开发，没有学过sql的还要把mysql数据补一补，这一节主要掌握如何利用jdbc操作数据库，学过的同学可以选择学一下数据库连接池。\r\n			</li>\r\n			<li>\r\n				利用mvc三层架构开发一个学生管理系统，系统不用很完善，主要实现学生等增删改查，从而加深对以上技术的理解。\r\n			</li>\r\n		</ul>\r\n		<li>\r\n			至此，你已经成功入门javaweb了，当离就业还是有很大的距离。现在企业的要求基本都要掌握ssm三大框架，即Spring,SpringMVC,mybatis,对于初次接触框架的同学来说可能不太习惯这种开发模式，但是你很快会爱上他的！这三的学习顺利我推荐是先mybatis，SpringMVC，Spring，再三大框架整合！顺便提提他们的主要学习内容，mybatis是一个数据库持久层框架，代替的是jdbc原生开发，SpringMVC则是servlet的代替，他们的操作都比原生的jdbc/servlet简单，我相信你们很快就掌握他们！而spring是一个管理容器，它的作用不好说明，用了之后就会明白！这个阶段推荐使用三个星期左右！\r\n		</li>\r\n		<li>\r\n			maven，这是一个非常优秀的架包管理工具，你必须学会如何创建maven工程以及常用的maven命令！因为后面的springboot都是基于maven工程的！\r\n		</li>\r\n		<li>\r\n			linux,安装Linux虚拟机，熟悉linux目录结构，熟悉常用linux命令，尝试在linux下部署网站（jdk+tomcat+mysql）：linux常用命令<a href=\"https://www.java1024.xyz/article/id?artId=75\" target=\"_blank\">https://www.java1024.xyz/article/id?artId=75</a> \r\n		</li>\r\n		<li>\r\n			至此，你可能已经满足企业的最低要求了。理论上讲此时你可以刷面试题能找一份初级的工作了，但是你也要清楚还要学习的东西很多，不如说分布式的解决方案、消息队列、redis缓存，mongodb等，还要在未来的不久ssm框架可能会被淘汰了，那么你准备好学习springboot、springcloud了吗？这大概就是所谓的活到老学到老！\r\n		</li>\r\n		<li>\r\n			最后也是最重要的，既然是自学，那么我们该如何自学？虽然我们不推荐去培训机构，但是我们可以使用培训机构的配套教程，毕竟还是属于最完善的入门教程（推荐黑马程序员、尚学堂），可以去淘宝或咸鱼买几块钱就可以，当然也可以留言或发邮箱给我，版权原因就不发百度云盘链接了！还可以自己去网上找别的资料，但是需要你整理帅选！\r\n		</li>\r\n	</ul>\r\n	<h2>\r\n		<ul>\r\n			<li>\r\n				全套java学习资料整理完整版：<a href=\"https://www.java1024.xyz/article/details/89\" target=\"_blank\">https://www.java1024.xyz/article/details/89<img src=\"http://47.106.152.252:8888/group1/M00/00/04/rBEFh10DKFCAHtVkAABbepTOq7Q654.png\" title=\"java1024\" alt=\"java1024\" /></a>\r\n			</li>\r\n		</ul>\r\n	</h2>\r\n</blockquote>', 'xivin', '2019-06-11 13:58:28', 0, 0, 'http://47.106.152.252:8888/group1/M00/00/04/rBEFh1z_QvOANrCEAAAjkIkVggA676.jpg', 2, '我今天要分享的是如何自学java，包括每个阶段的时间安排以及重难点！主要吧包括了解前端知识、javaweb原生开发、ssm框架，springboot，springcloud等等。我的思路是采用培训机构的学习资料而不用参加培训！', 'java,java学习路线,javaweb学习路线,java自学,javaEE,java网站开发');
INSERT INTO `article` VALUES (85, 'java基础教程《一》——类与对象', '<blockquote>\r\n	<ul>\r\n		<li>\r\n			在面向对象开发中你必须知道且理解透的两个概念：类与对象！如果你还没学过面向对象或者对类与对象的概念还比较模糊，这篇文章就很好的帮助你理解类与对象！\r\n		</li>\r\n		<li>\r\n			在面向对象开发中，通常把具有相同属性和行为的事物封装成一个类。这个属性就是类的成员变量，而行为就是类的方法。就好比人这个类，人有名字、性别、年龄等属性，人有吃饭说话等行为，把他封装成一个类来描述人就是\r\n		</li>\r\n	</ul>\r\n<pre class=\"prettyprint lang-java\">public class Person {\r\n\r\n   private String name;\r\n   private String sex;\r\n   private int age;\r\n\r\n   public void eat() {\r\n      //吃饭的方法体\r\n   }\r\n\r\n   public void say() {\r\n      //说话的方法体\r\n   }</pre>\r\n<pre class=\"prettyprint lang-java\">   public Person(String name,String sex,int age) {</pre>\r\n<pre class=\"prettyprint lang-java\">      this.name=name;</pre>\r\n<pre class=\"prettyprint lang-java\">      this.sex=sex;</pre>\r\n<pre class=\"prettyprint lang-java\">      this.age=age;</pre>\r\n<pre class=\"prettyprint lang-java\">   }\r\n\r\n}</pre>\r\n<pre class=\"prettyprint lang-java\">\r\n	<ul>\r\n		\r\n		<li>\r\n			以上就是面向对象的一个类，它包含了以个用public修饰的类，类名为Person（通常首字母大写），public表示是一个公共类即都可以访问。\r\n		</li>\r\n\r\n	</ul>\r\n</pre>\r\n</blockquote>\r\n<blockquote>\r\n	<blockquote>\r\n<pre class=\"prettyprint lang-java\">类里面定义了三层属性（严格来说是字段，因为没有提供getter、setter方法，初学者可以忽略），他们都被private修饰，表示是私有的属性，</pre>\r\n<pre class=\"prettyprint lang-java\">通俗的说自己的姓名不允许别人修改。同时他还定义了吃喝说话的方法！还有一个方法就做构造方法，是用来创造一个人的对象的！</pre>\r\n	</blockquote>\r\n	<ul>\r\n		<li>\r\n			这就是对类的定义，就是仅仅是定义了一个类的范围，是一个抽象的概念。也就是人类也是一个抽象的概念，还有很多猫类、狗类等等类概念，他们都是抽象而不存在的，仅仅是定义了一个概念，这就是类。\r\n		</li>\r\n		<li>\r\n			与只对应的是对象。何为对象？万物皆对象，只要是实实在在存在的就是对象。比如说科比是一个人，他属于人类，因此他有名字、性别和年龄，他也可以吃饭和说话，那么该怎样描述这个对象呢？——基于人类创建他！\r\n		</li>\r\n		<li>\r\n<pre class=\"prettyprint lang-java\"></pre>\r\n		</li>\r\n	</ul>\r\n</blockquote>\r\n<blockquote>\r\n	<blockquote>\r\n<pre class=\"prettyprint lang-java\">//创建科比这个人</pre>\r\n	</blockquote>\r\n	<blockquote>\r\n<pre class=\"prettyprint lang-java\">Person kobe=new Person(\"kobe\",\"男\",45);</pre>\r\n	</blockquote>\r\n	<blockquote>\r\n<pre class=\"prettyprint lang-java\">//kobe吃饭</pre>\r\n	</blockquote>\r\n	<blockquote>\r\n<pre class=\"prettyprint lang-java\">kobe.eat();</pre>\r\n	</blockquote>\r\n	<blockquote>\r\n<pre class=\"prettyprint lang-java\">//kobe说话</pre>\r\n	</blockquote>\r\n	<blockquote>\r\n<pre class=\"prettyprint lang-java\">kobe.say();</pre>\r\n	</blockquote>\r\n	<ul>\r\n		<li>\r\n			于是，我们很快就可以了解类与对象的区别。类就是把基本相同的事物定义成一类，是一个抽象的概念，而对象是基于某一类的一个对象，是真真实实存在的！\r\n		</li>\r\n	</ul>\r\n</blockquote>', 'xivin', '2019-06-11 14:35:52', 0, 0, 'http://47.106.152.252:8888/group1/M00/00/04/rBEFh1z9QlmAWmHpAABVbo0Af_0426.jpg', 1, '在面向对象开发中你必须知道且理解透的两个概念：类与对象！如果你还没学过面向对象或者对类与对象的概念还比较模糊，这篇文章就很好的帮助你理解类与对象！类就是把基本相同的事物定义成一类，是一个抽象的概念，而对象是基于某一类的一个对象，是真真实实存在的！', '类与对象,java基础,java入门到精通,面向对象开发');
INSERT INTO `article` VALUES (86, 'sql优化基础篇', '<blockquote>\r\n	<p>\r\n		sql优化建议\r\n	</p>\r\n</blockquote>\r\n<p>\r\n	<ul>\r\n		<li>\r\n			合理建立索引，为什么强调合理，那是因为索引过多不仅占磁盘空间，而且会引起插入和更新性能变低，因为每一次插入或更新都可能是索引重新编排，所以要合理建立索引，通常把id主键等少更新又查询多的字段建立索引。\r\n		</li>\r\n		<li>\r\n			保证索引生效，where条件的索引字段不能使用运算，否则会使索引失效，\r\n		</li>\r\n		<li>\r\n			在where后面尽可能不适用is null，尽可能不用或者用not null代替。\r\n		</li>\r\n		<li>\r\n			where 后面的like尽可能避免使用%的模糊查询。\r\n		</li>\r\n		<li>\r\n			in 和not in也慎重使用，会进行全表扫描，对于连续的数据可以使用between优化。\r\n		</li>\r\n		<li>\r\n			查询语句和更新语句避免使用*符号，否则会严重的影响性能！\r\n		</li>\r\n	</ul>\r\n</p>\r\n<blockquote>\r\n	<p>\r\n		如把where id + 1=?&nbsp; 优化成where id =1+？\r\n	</p>\r\n</blockquote>\r\n<ul>\r\n	<li>\r\n		查询的数据只有一条时要加上limit 0,1，避免再查询出结果的情况下还继续全盘扫描！\r\n	</li>\r\n	<li>\r\n		在多表联合查询中，可以适当的牺牲范式，以空间换区时间，适当增加冗余的数据而减少多表的关联查询！\r\n	</li>\r\n	<li>\r\n		在java的jdbc中尽量使用PreStatement，对于批量操作他不仅可以提升性能，更可以防sql注入！\r\n	</li>\r\n	<li>\r\n		在mybatis中，去参数使用“#”，避免使用\"$\"，也是起到防sql注入的效果！\r\n	</li>\r\n	<li>\r\n		好了，今天就学习这么多吧！<img src=\"https://www.java1024.xyz/js/kindeditor-4.1.10/plugins/emoticons/images/30.gif\" border=\"0\" alt=\"\" />\r\n	</li>\r\n</ul>', 'xivin', '2019-06-11 15:05:30', 0, 0, 'http://47.106.152.252:8888/group1/M00/00/04/rBEFh1z_UrKAdc0mAAE8eAD1OnM094.jpg', 6, 'sql优化建议，从索引到sql语句要注意的一些事项，包括有杜绝使用通配符*，以及在jdbc、或者mybatis中如何防sql注入。', 'sql优化,sql调优,防sql注入,数据库优化,数据库开发');
INSERT INTO `article` VALUES (87, '下拉框异步加载数据插件', '<blockquote>\r\n	首先分析一下使用场景：在网站开发中，有很多地方需要用到下拉选择数据的，一般是采用异步加载的方式去数据库加载数据，然后填充数据！这种场景比如说写博客的时候选择博客类型、还有其他的选择条件等等，其他就不一一列举了。今天笔者提供一个通用的代码，帮你轻松处理这个业务！\r\n</blockquote>\r\n<blockquote>\r\n	<ul>\r\n		<li>\r\n			先在需要添加下拉框的页面定义一个div, 设置一个id，这里为selgourps(选择分组）\r\n		</li>\r\n	</ul>\r\n</blockquote>\r\n<blockquote>\r\n<pre class=\"prettyprint lang-js\">&lt;div class=\"kv-item ue-clear\"&gt;\r\n         &lt;label&gt;所在分组&lt;/label&gt;\r\n        &lt;div class=\"kv-item-content\" id=\"selgroups\"&gt;             	\r\n        &lt;/div&gt;\r\n&lt;/div&gt;</pre>\r\n	<ul>\r\n		<li>\r\n			接着定义一个下拉框初始化并填充数据方法，这个方法定义在一个combo.js中，\r\n		</li>\r\n		<li>\r\n<pre class=\"prettyprint lang-js\">/*\r\n  * 封装一个下拉选择各种类别的方法。例如选择文章类型\r\n  * \r\n  * @selectId 被选中的id用于数据回显，一般用于更新时的数据回显\r\n * @actionURL 后台处理action，异步请求链接，我这里用springmvc，其他语言修改响应即可\r\n * @positionId 具体哪个位置加入下拉框，即页面中需要加下拉框的id或class\r\n * \r\n * \r\n * @selectName对应引用类别的外键属性名字，相当于&lt;input name=\"\"&gt;中的name属性的值，表单提交是有用</pre>\r\n<br />\r\n		</li>\r\n		<li>\r\n<pre class=\"prettyprint lang-js\"> * @c_name类名的字段名子，用于从对象获取类名\r\n * @c_id类ID的字段名字，用于从对象或类id\r\n  */\r\n function CategorySelect(positionId,selectId,actionURL,selectName,c_name,c_id) {\r\n	\r\n	 //alert(\'hhh\');\r\n 	var $select=$(\"&lt;select name=\'\"+selectName+\"\'&gt;&lt;/select&gt;\");\r\n 	$select.append($(\"&lt;option value=\'\'&gt;---请选择----&lt;/option&gt;\"));\r\n 	//dict_type_code 字典类型吗\r\n 	$.get(\r\n 			actionURL, \r\n 			//{ dict_type_code: dict_type_code },\r\n             function(data){\r\n                 for(var i=0;i&lt;data.length;i++) {\r\n                 	//data[i]是第循环每一项项\r\n                 	var $option=$(\"&lt;option value=\'\"+data[i][c_id]+\"\'&gt;\"+data[i][c_name]+\"&lt;/option&gt;\");\r\n                 	if(data[i][c_id]==selectId) {\r\n                 		\r\n                 		$option.attr(\"selected\",\"selected\");\r\n                 	}\r\n                 	$select.append($option);\r\n                 }\r\n       },\"json\");\r\n 	//selectId  选择为的Id\r\n 	\r\n 	//positionId 在哪个地方添加\r\n 	$(positionId).append($select);\r\n }</pre>\r\n		</li>\r\n		<li>\r\n			有了通用方法和调用的页面，我们就可以在页面调用这个方法了！\r\n		</li>\r\n		<ul>\r\n			<li>\r\n				第一步引入combo.js脚本文件\r\n<pre class=\"prettyprint lang-js\">&lt;script type=\"text/javascript\" charset=\"utf-8\" src=\"/js/combo.js\"&gt;&lt;/script&gt;</pre>\r\n			</li>\r\n			<li>\r\n<pre class=\"prettyprint lang-js\">第一步就是调用上面定义的CategorySelect类别选择方法：\r\n<pre class=\"prettyprint lang-js\">	//填充班级下拉框  具体js代码请参考js下的combo.js\r\n	CategorySelect(\"#selgroups\",null,\"/usergroups/listforuser\",\"groupid\",\"groupname\",\"groupid\");</pre>\r\n</pre>\r\n			</li>\r\n		</ul>\r\n	</ul>\r\n</blockquote>', 'xivin', '2019-06-11 15:37:53', 0, 0, 'http://47.106.152.252:8888/group1/M00/00/04/rBEFh1z_WiiAdR3xAAAJc0Fb4UA763.jpg', 7, '首先分析一下使用场景：在网站开发中，有很多地方需要用到下拉选择数据的，一般是采用异步加载的方式去数据库加载数据，然后填充数据！这种场景比如说写博客的时候选择博客类型、还有其他的选择条件等等，其他就不一一列举了。今天笔者提供一个通用的代码，帮你轻松处理这个业务！', '下拉框,select,option,下拉框填充,下拉框填充数据通用方法');
INSERT INTO `article` VALUES (89, 'java学习视频教程资料（完整全套）', '<p>\r\n	分享一套笔者自学时使用的成套java学习资料，这套视频教学包括基础进阶到高级阶段，同学们可以根据自己的基础选择性学习（参考这篇<span>java自学路线：</span><a href=\"https://www.java1024.xyz/article/details/84\" target=\"_blank\">https://www.java1024.xyz/article/details/84</a>），没有学过javase基础的同学可以补补基础再跟着教程走，资料包括视频、源代码、教案、工具等！下面列出该java资料的主要内容：\r\n</p>\r\n<p>\r\n	<ul>\r\n		<li>\r\n			阶段一——javaWEB（包括前端知识和servlet/jsp/filter/listener等javaweb知识点）\r\n		</li>\r\n		<li>\r\n			阶段二——linux\r\n		</li>\r\n		<li>\r\n			阶段三——redis\r\n		</li>\r\n		<li>\r\n			阶段四——javaweb综合项目实战\r\n		</li>\r\n		<li>\r\n			阶段五——Hibernate\r\n		</li>\r\n		<li>\r\n			阶段六——Struts\r\n		</li>\r\n		<li>\r\n			阶段七——Spring\r\n		</li>\r\n		<li>\r\n			阶段八——SSH综合项目实战\r\n		</li>\r\n		<li>\r\n			阶段九——Oracle\r\n		</li>\r\n		<li>\r\n			阶段十——Maven\r\n		</li>\r\n		<li>\r\n			阶段十一——物流BOS系统\r\n		</li>\r\n		<li>\r\n			阶段十二——Mybatis\r\n		</li>\r\n		<li>\r\n			阶段十三——SpringMVC\r\n		</li>\r\n		<li>\r\n			阶段十四——SSM综合实战项目\r\n		</li>\r\n		<li>\r\n			阶段十五——luncence solr\r\n		</li>\r\n		<li>\r\n			阶段十六——商城系统\r\n		</li>\r\n		<li>\r\n			阶段十七——面试\r\n		</li>\r\n		<li>\r\n			阶段十八——hadoop大数据\r\n		</li>\r\n	</ul>\r\n百度云链接：链接：https://pan.baidu.com/s/1SBRZYqy8VSCFbdKf98kxcQ&nbsp;<br />\r\n提取码：aevp&nbsp;<br />\r\n<img src=\"http://47.106.152.252:8888/group1/M00/00/04/rBEFh10DKFCAHtVkAABbepTOq7Q654.png\" alt=\"\" />\r\n</p>\r\n<p>\r\n	想进一步学习Springboot和SpringCloud的同学可以参考资料：链接：https://pan.baidu.com/s/1_C0cIj7DK5YzZ0-XML0gvw&nbsp;<br />\r\n提取码：elqg&nbsp;<br />\r\n</p>\r\n<p>\r\n	对于就业要求来说，以上资料足以满足基本的工作要求！这是16-17年的java学习资料，当然想追求最新学习资料的也可以去咸鱼买，应该也就几块钱！链接失效请留言！\r\n</p>', 'xivin', '2019-06-14 12:58:46', 0, 0, 'http://47.106.152.252:8888/group1/M00/00/04/rBEFh1z_QvOANrCEAAAjkIkVggA676.jpg', 1, '分享一套笔者自学时使用的成套java学习资料，这套视频教学包括基础进阶到高级阶段，同学们可以根据自己的基础选择性学习（参考这篇java自学路线：https://www.java1024.xyz/article/details/84），没有学过javase基础的同学可以补补基础再跟着教程走，资料包括视频、源代码、教案、工具等！', 'java,java学习,java学习资料,java学习视频,java全套学习资料');
INSERT INTO `article` VALUES (90, '0基础免费制作属于自己的个人网站', '<span style=\"line-height:21px;font-family:&quot;font-size:14px;background-color:#AFDCDF;color:#333333;\">想必很多人都有一个属于自己的草根站长梦想，但却由于技术水平、资金、关系资源等种种原因，往往徘徊在坚持与放弃之间！“梦想还是要有的，万一实现了呢！”没错，今天我就要帮助那些有站长梦的人实现这个梦想，不需要你会敲代码，今天我们攻克技术、资金、资源难关拿下一个网站！</span><br />\r\n<br />\r\n<span style=\"line-height:21px;font-family:&quot;font-size:14px;background-color:#AFDCDF;color:#333333;\">&nbsp;&nbsp;&nbsp;&nbsp;首先介绍一下网站建设的一般流程：网站开发（包括网站前台后台的前端后端数据库等开发）、把做好的网站发布到与服务器（比较好的有阿里云服务器，便宜的1000一年，也有学生机118一年）、想通过域名访问的买个域名解析（便宜的几块钱就可以了！）、然后网站备案、再高级的就是SEO引擎优化（通俗点说就是优化后可以通过百度引起搜索到网站）。如果根据这个流程走，恐怕连程序员也不能随随便便的做出一个网站，更不用说非IT人士了。那么，对于大多数不会敲代码的非it人士怎么实现站长梦呢？</span><br />\r\n<br />\r\n<span style=\"line-height:21px;font-family:&quot;font-size:14px;background-color:#AFDCDF;color:#333333;\">&nbsp;&nbsp;&nbsp;&nbsp;作为一个程序员，我无时无刻不想拥有一个自己的个人博客网站，也从未放弃过探索这条道路，从网站编程开始，慢慢接触云服务器。中间经历了很多曲折的路，技术不达标、不够资金买云服务器……终于，最近我找到了一个免费永久建站的平台：建站abc:&nbsp;&nbsp;</span><br />\r\n<a href=\"http://t.cn/RkOgm1C\" target=\"_blank\"><span style=\"line-height:21px;font-family:wbficonregular !important;\">O</span>网页链接</a><span style=\"line-height:21px;font-family:&quot;font-size:14px;background-color:#AFDCDF;color:#333333;\">&nbsp;（也可以搜索 凡科建站 都是一个平台）。这是一个“电脑、手机、微信”一站式专业建站平台，提供免费模板、免费建站、永久空间的建站平台！利用这个平台，你就可以不用敲代码，只需通过网页修改提供的模板就作出一个不错的网站！话不多说，下面说一下怎么样利用建站abc建设网站。</span><br />\r\n<br />\r\n<span style=\"line-height:21px;font-family:&quot;font-size:14px;background-color:#AFDCDF;color:#333333;\">&nbsp;&nbsp;&nbsp;&nbsp;登录建站abc-通过手机验证注册-完成后基本都是跟着点-填写网站|公司名称-网站类型（个人博客一般选择个人网站类型）-选择模板（根据自己喜欢的选择）-进入网站后台管理修改网站的内容（包括页面排版、栏目、文章、其他的高级设计等），提供的模板一般是页面是我们要的，但内容还需要我们根据自己的主题去修改！轻轻松松的一个网站就敲掂了，还等什么，动手吧！如操作过程有不懂的地方，欢迎留言！</span><br />\r\n<span style=\"line-height:21px;font-family:&quot;font-size:14px;background-color:#AFDCDF;color:#333333;\">&nbsp;&nbsp;&nbsp;&nbsp;&nbsp;我的个人博客地址：</span><a href=\"http://t.cn/RkOkADf\" target=\"_blank\"><span style=\"line-height:21px;font-family:wbficonregular !important;\">O</span>网页链接</a><span style=\"line-height:21px;font-family:&quot;font-size:14px;background-color:#AFDCDF;color:#333333;\">&nbsp;&nbsp;&nbsp;欢迎来撩！！！</span><br />\r\n<br />\r\n<span style=\"line-height:21px;font-family:&quot;font-size:14px;background-color:#AFDCDF;color:#333333;\">&nbsp;&nbsp;&nbsp;&nbsp;然后，毕竟人家是免费提供的网站，所以空间大小只有2G而且不支持域名解析，如果想通过域名或者优化性能，可以交费升级网站！这大概是网站的盈利手段。</span>', 'xivin', '2019-06-15 00:08:07', 0, 0, 'http://47.106.152.252:8888/group1/M00/00/04/rBEFh10DxlOAc1cAAAAld5HU2EA024.jpg', 3, '最近我找到了一个免费永久建站的平台：建站abc:  \r\nO网页链接 （也可以搜索 凡科建站 都是一个平台）。这是一个“电脑、手机、微信”一站式专业建站平台，提供免费模板、免费建站、永久空间的建站平台！利用这个平台，你就可以不用敲代码，只需通过网页修改提供的模板就作出一个不错的网站！话不多说，下面说一下怎么样利用建站abc建设网站。', '制作网站,如何制作个人网站,0基础制作网站,个人博客网站');
INSERT INTO `article` VALUES (91, 'sql常用查询语句', '<p class=\"MsoNormal\">\r\n	<span>A</span>表有个<span>ID</span>属性，<span>B</span>表也有<span>ID</span>属性，查询出<span>a</span>表中有这个<span>ID</span>而<span>b</span>表中没有这个<span>ID</span>的数据；<span></span>\r\n</p>\r\n<p class=\"MsoNormal\">\r\n	简单容易理解但效率很低<span></span>\r\n</p>\r\n<p class=\"MsoNormal\">\r\n	<span>Select * from a where ID not in (select ID\r\nfrom B);</span>\r\n</p>\r\n<p class=\"MsoNormal\">\r\n	左外查询<span></span>\r\n</p>\r\n<p class=\"MsoNormal\">\r\n	<span>Select * from a left join b on a.id=b.id\r\nwhere b.id is null;</span>\r\n</p>\r\n<p class=\"MsoNormal\">\r\n	效率最高的<span></span>\r\n</p>\r\n<p class=\"MsoNormal\">\r\n	<span>Select * from a where (select count(1) from\r\nb where b.id=a.id)=0</span>\r\n</p>\r\n<p class=\"MsoNormal\">\r\n	<span>&nbsp;</span>\r\n</p>\r\n<p class=\"MsoNormal\">\r\n	查询每个栏目下价格最高的<span></span>\r\n</p>\r\n<p class=\"MsoNormal\">\r\n	<span>Select cat_id,count(good_price) from group\r\nby cat_id</span>\r\n</p>\r\n<p class=\"MsoNormal\">\r\n	查询价格最高的商品<span></span>\r\n</p>\r\n<p class=\"MsoNormal\">\r\n	<span>Select good_id,count(good_price) from group\r\nby good_id</span>\r\n</p>\r\n<p class=\"MsoNormal\">\r\n	<span>&nbsp;</span>\r\n</p>\r\n<p class=\"MsoNormal\">\r\n	<span>Where </span>和<span>having</span>的异同点<span></span>\r\n</p>\r\n<p class=\"MsoNormal\">\r\n	查询两门或两门以上不及格的学生<span></span>\r\n</p>\r\n<p class=\"MsoNormal\">\r\n	<span>Select sid,sname,sum(score&lt;60)&nbsp; as s &nbsp;from\r\nstu group by sname having s&gt;2;</span>\r\n</p>\r\n<p class=\"MsoNormal\">\r\n	<span>用where表达的话是</span>\r\n</p>\r\n<p class=\"MsoNormal\">\r\n	<span><span>Select sid,sname,sum(score&lt;60)&nbsp; as s &nbsp;from stu group by sname where sum(score&lt;60)&gt;2;</span><br />\r\n</span>\r\n</p>', 'xivin', '2019-06-18 11:04:58', 0, 0, 'http://47.106.152.252:8888/group1/M00/00/04/rBEFh1z_UrKAdc0mAAE8eAD1OnM094.jpg', 6, 'A表有个ID属性，B表也有ID属性，查询出a表中有这个ID而b表中没有这个ID的数据；having,where的区别，group by的用法！', 'sql语句,sql面试,sql常用查询语句');
INSERT INTO `article` VALUES (104, 'jvm内存模型学习总结', '<p>\r\n	迫于面试的压力，最近学习了一下jvm的底层知识，主要包括jvm内存模型、jvm垃圾回收机制、jvm调优等知识点。这篇文章记录一下jvm内存模型的学习总结：\r\n</p>\r\n<p>\r\n	<img src=\"http://47.106.152.252:8888/group1/M00/00/04/rBEFh10Po2SAd0eVAAA6-KRNjSU009.png\" alt=\"\" />\r\n</p>\r\n<p>\r\n	<h2>\r\n		<ul>\r\n			<li>\r\n				方法区（线程共享）：用来存放类加载后的字节码、常量、静态变量等，即经过编译器编译后的字节码。这个区是线程共享的，在垃圾分分带收集算法中属于永久代，因此垃圾回收基本跟方法区没关！\r\n			</li>\r\n		</ul>\r\n	</h2>\r\n	<h2>\r\n		<ul>\r\n			<li>\r\n				堆（线程共享）：用来存放创建的对象和数组，是jvm内存区域最大的一块。堆区是线程共享的，这个区分在分代垃圾回收算法中属于新生代和老年代，而新生代是垃圾回收最频繁的对象，所以堆是垃圾收集器进行垃圾收集的一块重要的内存区域。\r\n			</li>\r\n		</ul>\r\n	</h2>\r\n	<h2>\r\n		<ul>\r\n			<li>\r\n				虚拟机栈（线程私有）：描述java执行方法的内存模型，每个方法被调用时都会创建一个栈帧，用来存放局部表量表、操作数、动态链接、方法出口等信息，虚拟机栈是线程私有的，每一个方法从调用到完成都对应一个栈帧在虚拟机栈中的入栈和出栈过程。也就是说栈帧随方法调用而创建随方法调用结束而销毁（ps 当方法抛出异常又没捕获时也算方法调用完成了）！\r\n			</li>\r\n		</ul>\r\n	</h2>\r\n	<h2>\r\n		<ul>\r\n			<li>\r\n				本地方法栈（线程私有）：本地方法栈和虚拟机栈的作用相似，区别在虚拟机栈为执行java方法服务而本地方法栈为执行本地方法服务。\r\n			</li>\r\n		</ul>\r\n	</h2>\r\n	<h2>\r\n		<ul>\r\n			<li>\r\n				程序计数器（线程私有）：程序计数器记录当前线程所执行字节码的行号，因为每个线程的独立执行，是线程私有的。程序计数器是jvm中唯一一个没有OOM（内存溢出）的内存区域。\r\n			</li>\r\n		</ul>\r\n	</h2>\r\n</p>', 'xivin', '2019-06-24 00:23:40', 0, 0, 'http://47.106.152.252:8888/group1/M00/00/04/rBEFh10Po2SAd0eVAAA6-KRNjSU009.png', 1, '迫于面试的压力，最近学习了一下jvm的底层知识，主要包括jvm内存模型、jvm垃圾回收机制、jvm调优等知识点。这篇文章记录一下jvm内存模型的学习总结：', 'jvm,jvm内存模型,jvm调优');
INSERT INTO `article` VALUES (105, 'java八大基本排序算法（代码实现）', '<p>\r\n	java八大基本排序算法（代码实现）——冒泡排序、快速排序、插入排序、选择排序……\r\n</p>\r\n<p>\r\n	<img src=\"http://47.106.152.252:8888/group1/M00/00/04/rBEFh10PqOSAEM2GAADkIruUnq4156.jpg\" alt=\"\" />\r\n</p>\r\n<p>\r\n	直接送上代码：<a class=\"ke-insertfile\" href=\"http://47.106.152.252:8888/group1/M00/00/04/rBEFh10PqSaAV-FwAAAP6BipRW819.java\" target=\"_blank\">java排序算法.java文件</a>\r\n</p>\r\n<p>\r\n<pre class=\"prettyprint lang-java\">package www.suanfa.sort;\r\n\r\n/**\r\n * 方法描述：\r\n * \r\n * 冒泡排序\r\n * 快速排序\r\n * 插入排序\r\n * 选择排序\r\n * \r\n * 折半查找\r\n * \r\n * @author PC\r\n *\r\n */\r\npublic class Sort {\r\n	\r\n	/**\r\n	 * 测试方法\r\n	 * @param args\r\n	 */\r\n	public static void main(String[] args) {\r\n		int[] arr={0,3,5,2,7,1,8,3,11};\r\n//		int[] bubblearr=bubbleSort(arr);\r\n//		int[] bubblearr=quickSearch(arr, 0, arr.length-1);\r\n//		int[] bubblearr=insertSort(arr);\r\n		int[] bubblearr=selectSort(arr);\r\n		for (int i : bubblearr) {\r\n			System.out.println(i);\r\n		}\r\n		\r\n		int a=binarySearch(bubblearr, 1);\r\n		System.out.println(\"________________\");\r\n		System.out.println(a);\r\n		\r\n	}\r\n	\r\n	\r\n	/**\r\n	 * 冒泡排序——循环遍历数组，依次把大的数排到后面\r\n	 * @param arr\r\n	 * @return int[]\r\n	 */\r\n	public static int[] bubbleSort(int[] arr) {\r\n		\r\n		int i,j;\r\n		//for(i=arr.length;i&gt;0;i--) {\r\n		//排序次数\r\n		for(i=0;i&lt;arr.length-1;i++) {	\r\n			//每次排序前后两个数对比\r\n			for(j=1;j&lt;arr.length-i;j++) {\r\n				//当前面的数大于后面时交换\r\n				if(arr[j-1]&gt;arr[j]) {\r\n					int temp=arr[j];\r\n					arr[j]=arr[j-1];\r\n					arr[j-1]=temp;\r\n				}\r\n			}\r\n		}\r\n		\r\n		return arr;\r\n		\r\n	}\r\n	\r\n	\r\n	/**\r\n	 * 快速排序——取出一个基准，分别从后往前找小于基准胡数（不换位置）再从前往后找大于基准的数\r\n	 * 再把他们交换，也就相当于一个交换同时完成了划分大于基准的肯小于基准的！\r\n	 * @param arr\r\n	 * @param low\r\n	 * @param hight\r\n	 * @return\r\n	 */\r\n	public static int[] quickSearch(int[] arr,int low,int hight) {\r\n		\r\n		//取出基准\r\n		int key=arr[low];\r\n		\r\n		int begin=low;\r\n		int end=hight;\r\n		\r\n		if(low&gt;hight) return null;\r\n		while(begin&lt;end ) {\r\n			\r\n			//从后往前对比，知道遇到后面小于基准的停下来\r\n			while(arr[end]&gt;=key&amp;&amp;begin&lt;end) {\r\n				end--;\r\n			}\r\n			//从前往后对比，知道遇到前面大于基准的停下来\r\n			while(arr[begin]&lt;=key&amp;&amp;begin&lt;end)\r\n				begin++;\r\n			\r\n			//交换\r\n			if(begin&lt;end) {\r\n				int temp=arr[begin];\r\n				arr[begin]=arr[end];\r\n				arr[end]=temp;\r\n			}\r\n		}\r\n		\r\n		//把基准放到中间位置，即把数组分成大于基准和小于基准的两部分\r\n		arr[low]=arr[begin];\r\n		arr[begin]=key;\r\n		//递归\r\n		if(low&lt;begin) quickSearch(arr, low, begin-1);\r\n		if(hight&gt;end) quickSearch(arr, end+1, hight);\r\n		\r\n		return arr;\r\n	}\r\n	\r\n	/**\r\n	 * 插入排序——默认插入数的左边已经排好序了！\r\n	 * @param arr\r\n	 * @return\r\n	 */\r\n	public static int[] insertSort(int[] arr) {\r\n		int i,j;\r\n		for(i=1;i&lt;arr.length;i++) {\r\n			//取出待插入的数\r\n			int insertVal=arr[i];\r\n			int index=i-1;\r\n			//循环遍历插入左边的数且要求比它大就-1否则退出\r\n			while(insertVal&lt;arr[index]&amp;&amp;index&gt;0) {\r\n				//记得往后移动\r\n				arr[index+1]=arr[index];\r\n				\r\n				//当退出循环时index-1了，所以在插入有时候index要加1;\r\n				index--;\r\n			}\r\n			\r\n			//将数插入到index+1的位置\r\n			//当退出循环时index-1了，所以在插入有时候index要加1;\r\n			arr[index+1]=insertVal;\r\n			\r\n			\r\n		}\r\n		\r\n		return arr;\r\n	}\r\n	\r\n	/**\r\n	 * 选择排序——循环选择最小的数值放到前面来\r\n	 * @param arr\r\n	 * @return\r\n	 */\r\n	public static int[] selectSort(int[] arr) {\r\n		\r\n		int i,j,temp;\r\n		\r\n		for(i=0;i&lt;arr.length-1;i++) {\r\n			//记录最小的下标\r\n			int min=i;\r\n			//循环对比，但赋值的是下标\r\n			for(j=i+1;j&lt;arr.length;j++) {\r\n				if(arr[min]&gt;arr[j])\r\n					min=j;\r\n				\r\n			}\r\n			\r\n			//判断最小值的下标是不是原来的，否则将他们交换。\r\n			if(min!=i) {\r\n				temp=arr[min];\r\n				arr[min]=arr[i];\r\n				arr[i]=temp;\r\n			}\r\n		}\r\n		\r\n		return arr;\r\n	}\r\n	\r\n	/**\r\n	 * 折半查找\r\n	 * @param arr\r\n	 * @param num\r\n	 * @return\r\n	 */\r\n	public static int binarySearch(int[] arr,int num) {\r\n		\r\n		int low=0;\r\n		int high=arr.length-1;\r\n		int mid;\r\n		\r\n		while(low&lt;high) {\r\n			mid=(low+high)/2;\r\n			if(arr[mid]==num)\r\n				return mid;\r\n			if(num&lt;arr[mid])\r\n				high=mid;\r\n			if(num&gt;arr[mid])\r\n				low=mid;\r\n		}\r\n		\r\n		return -1;\r\n	}\r\n\r\n}\r\n</pre>\r\n</p>\r\n<p>\r\n	<br />\r\n</p>', 'xivin', '2019-06-24 00:31:54', 0, 0, 'http://47.106.152.252:8888/group1/M00/00/04/rBEFh10PqOSAEM2GAADkIruUnq4156.jpg', 8, 'java八大基本排序算法（代码实现）——冒泡排序、快速排序、插入排序、选择排序，用java语言实现（附有源码）！！！', 'java排序算法,java算法,排序算法');
INSERT INTO `article` VALUES (106, '记录职业生涯第一次求职面试', '<p>\r\n	朦朦胧胧，终于逼不得已走上求职之路……非985/211，普通二本院校的出路何在？带着些许的失落感我开始投了几家公司，出于保守起见，我一开始投的基本都是小公司，过了几天终于有一家三五十人的小公司邀请我去面试。这是我人生职业生涯的第一次求职面试——java实习生面试。下面分享一下这次面试的体验和心得。\r\n</p>\r\n<p>\r\n	<ul>\r\n		<li>\r\n			首先做一套笔试题：笔试题包含java基础、j2ee知识、前端知识、数据库开发等等，选择整体不难就不提了。简答题和程序设计题还是有难度，其中考到了简单有的String和StringBuffer的区别，Servlet的声明周期，xml几种形式和解析技术、常用的设计模式，快速排序算法，sql基本语句、逻辑应用题，难的有内存泄漏的简述及案例分析、省市联动、onload和ready的区别、解释J2ee名词（JNDI/JMS/JTA/JAF/JMI/IIOP这里除了JMS都没见过）。总体来说，这份面试题还是偏难的，我个人感觉，也可能是第一次面试准备不足，尤其是两个前端题目完全没写出来。所以在笔试我几乎全军覆没，考到一半都想溜了，不过最后还是坚持下来了。\r\n		</li>\r\n		<li>\r\n			前面还有两个人还没面试，我等了快一个钟才轮到我！一轮面试是一个老员工，后面听技术总监说加入我们通过就很可能是一轮面试的面试官带！一面流程是自我介绍、项目介绍、从项目问你具体技术问题！这个过程感觉跟面试官聊得还可以，简单自我介绍后我就直插主题介绍我做过的一些小项目（采用什么技术、团队分工、我负责做哪些等等），之后面试官就从你提到的技术问你具体的实现，比如登录业务，进而去问你SSM三层的Spring,SpringMVC、mybatis等知识点。这些知识点我大部分都能回答，没回答好的也就一两个，面试官对我的评价还好，说我技术还是有的！然后就让我直接二面（在我前面面试的都是一轮游，心理想着还有希望吧！）。\r\n		</li>\r\n		<li>\r\n			直接二面，心里沾沾自喜，小有激动<img src=\"http://www.java1024.xyz/js/kindeditor-4.1.10/plugins/emoticons/images/41.gif\" border=\"0\" alt=\"\" />！二面是一个技术总监，流程同样是自我介绍，项目介绍，职业生涯规划、反问公司情况。自我介绍一样的说，项目介绍就不一样了，这次的项目介绍不偏向技术而偏向为什么要做以及团队分工的情况（我当时就很懵逼的说了一堆技术，刚说没几句就被纠正了<img src=\"http://www.java1024.xyz/js/kindeditor-4.1.10/plugins/emoticons/images/10.gif\" border=\"0\" alt=\"\" />），接着问题职业生涯规划，说实话，这个问题我并没有认真思考过，所以我回答得并不好，很应付的问题软件工程师、又一会是往大数据hadoop方向，在这一点上给面试官的感觉应该是很不好的！再反问的环节我也大概了解了一下公司的业务、上下班时间、薪水等等……这个环节我想我又犯错了，事后我觉得这个时候还不应该谈薪水，过程中他说实习生的公司他们公司给3k问我怎么样？还是考虑一下？我没听懂他说的考虑一下是什么意思？（可以谈谈工资还是说放弃面试？），我一脸正经的说到完全没问题，我对实习期间的薪水不看重，我更看重在公司的成长和发展空间……最后面试结束，我问他什么时候出结果，他说过两天。\r\n		</li>\r\n		<li>\r\n			如今一个星期过去了，没有收到消息也就说明没戏了！这几天我总结了一下这次面试。不输项目，输在基础的笔试和二面的职业生涯。对于基础部分还是要多刷面试题，在职业生涯、薪水等开放性的话题还是要锻炼一下这些话题的客套话！\r\n		</li>\r\n		<li>\r\n			加油！\r\n		</li>\r\n	</ul>\r\n</p>', 'xivin', '2019-06-24 13:21:45', 0, 0, 'http://47.106.152.252:8888/group1/M00/00/04/rBEFh10QXdiAFQohAAAbKYxGNlA872.jpg', 8, '非985/211，普通二本院校的出路何在？带着些许的失落感我开始投了几家公司，出于保守起见，我一开始投的基本都是小公司，过了几天终于有一家三五十人的小公司邀请我去面试。这是我人生职业生涯的第一次求职面试——java实习生面试。下面分享一下这次面试的体验和心得。', '面试,面试技巧,java面试经验');
INSERT INTO `article` VALUES (107, 'apache部署php网站（windows版本）', '<p>\r\n	apache部署php网站（windows版本）\r\n</p>\r\n<p>\r\n	<br />\r\n</p>\r\n<ul>\r\n	<li>\r\n		登录apache官网下载安装包：<span style=\"font-family:verdana, &quot;font-size:13px;background-color:#FFFFFF;\">http://httpd.apache.org/download.cgi 下载并压缩到c盘下（C:/Apache）</span> \r\n	</li>\r\n	<li>\r\n		<span style=\"background-color:#FFFFFF;\">修改配置文件（Apache/conf/httpd.conf）,修改以下配置，也可以修改端口号！</span> \r\n	</li>\r\n</ul>\r\n<p>\r\n	<br />\r\n</p>\r\n<blockquote>\r\n	<p>\r\n		Define SRVROOT \"C:/Apache24\"&nbsp; &nbsp; &nbsp; &nbsp; &nbsp; &nbsp; &nbsp; &nbsp; &nbsp; &nbsp; &nbsp; &nbsp; &nbsp; &nbsp;//此处路径为apache压缩路径\r\n	</p>\r\n	<p>\r\n		ServerRoot \"${SRVROOT}\"\r\n	</p>\r\n</blockquote>\r\n<p>\r\n	<br />\r\n</p>\r\n<ul>\r\n	<li>\r\n		在开始输入cmd回车进入控制台，输入以下命令\r\n	</li>\r\n	<li>\r\n		进入bin目录，输入 httpd.exe -k install -n apache\r\n	</li>\r\n	<li>\r\n		<img src=\"http://47.106.152.252:8888/group1/M00/00/04/rBEFh10SLziAD5D7AAANok77tGU994.png\" alt=\"\" /> \r\n	</li>\r\n	<li>\r\n		检查是否安装成功，输入命令&nbsp; &nbsp;httpd -v\r\n	</li>\r\n	<li>\r\n		<img src=\"http://47.106.152.252:8888/group1/M00/00/04/rBEFh10SLziAOPXyAAAKLiJl4gQ141.png\" alt=\"\" /> \r\n	</li>\r\n	<li>\r\n		启动apache服务，看到服务启动成功！ 输入命令：net start apache\r\n	</li>\r\n	<li>\r\n		<img src=\"http://47.106.152.252:8888/group1/M00/00/04/rBEFh10SLzmAWfoQAAAKBXA_9cM038.png\" alt=\"\" /> \r\n	</li>\r\n	<li>\r\n		进入bin目录，启动ApacheMonitor.exe\r\n	</li>\r\n	<li>\r\n		<img src=\"http://47.106.152.252:8888/group1/M00/00/04/rBEFh10SLzmAaR9fAAC_6iJu014945.png\" alt=\"\" /><br />\r\n	</li>\r\n	<li>\r\n		在浏览器中输入http://localhost&nbsp; &nbsp; 安装成功就会看到页面！\r\n	</li>\r\n	<li>\r\n		<img src=\"http://47.106.152.252:8888/group1/M00/00/04/rBEFh10SMB-AWAgzAABLAs-XEgY491.png\" alt=\"\" /><br />\r\n	</li>\r\n	<li>\r\n		至此，apache安装已完成！\r\n	</li>\r\n	<li>\r\n		接着安装php，首先从官网下载php安装包：<a href=\"https://windows.php.net/download#php-7.2\" target=\"_blank\">https://windows.php.net/download#php-7.2</a>&nbsp;（注意要下载Thread Safe的版本，因为这个版本才支持和apache整合，才有php7apachen2_4.dll文件）\r\n	</li>\r\n	<li>\r\n		<img src=\"http://47.106.152.252:8888/group1/M00/00/04/rBEFh10SS8-Ae7CmAACLMljEkI8833.png\" alt=\"\" /><br />\r\n	</li>\r\n	<li>\r\n		同样解压到c:\\php下，接着把php.ini-production文件复制一份并重命名为php.ini，\r\n	</li>\r\n	<li>\r\n		配置环境变量：;C:\\php;C:\\php\\ext;\r\n	</li>\r\n	<li>\r\n		<img src=\"http://47.106.152.252:8888/group1/M00/00/04/rBEFh10STDOABHR0AADSIJoELe0764.png\" alt=\"\" /><br />\r\n	</li>\r\n	<li>\r\n		接着进行php和apache的大整合！！！\r\n	</li>\r\n	<ul>\r\n		<li>\r\n			编辑apache/conf/httpd.conf文件\r\n		</li>\r\n		<li>\r\n			<span style=\"font-family:verdana, &quot;font-size:13px;background-color:#FFFFFF;\">#ServerName&nbsp;www.example.com:80 把注释符号#去掉</span>\r\n		</li>\r\n		<li>\r\n			在最后添加上以上三行配置\r\n		</li>\r\n		<li>\r\n			LoadModule php7_module \"C:/php/php7apache2_4.dll\"&nbsp; &nbsp; &nbsp; &nbsp; &nbsp; &nbsp; &nbsp; //php的apache支持dll<br />\r\nAddType application/x-httpd-php .php .html .htm&nbsp; &nbsp; &nbsp; &nbsp; &nbsp; &nbsp; &nbsp; &nbsp; &nbsp; &nbsp; //apache添加php支持<br />\r\nPHPIniDir \"C:/php\"&nbsp; &nbsp; &nbsp; &nbsp; &nbsp; &nbsp; &nbsp; &nbsp; &nbsp; &nbsp; &nbsp; &nbsp; &nbsp; &nbsp; &nbsp; &nbsp; &nbsp; &nbsp; &nbsp; &nbsp; &nbsp; &nbsp; &nbsp; &nbsp;//php.ini的位置\r\n		</li>\r\n		<li>\r\n			保存退出！\r\n		</li>\r\n	</ul>\r\n	<li>\r\n		接着修改php.ini配置文件\r\n	</li>\r\n	<ul>\r\n		<li>\r\n			<span style=\"font-family:verdana, &quot;font-size:13px;background-color:#FFFFFF;\">;&nbsp;extension_dir&nbsp;=&nbsp;\"ext\"</span>\r\n		</li>\r\n		<li>\r\n			<span style=\"font-family:verdana, &quot;font-size:13px;background-color:#FFFFFF;\">;extension=php_mbstring.dll</span>\r\n		</li>\r\n		<li>\r\n			<span style=\"font-family:verdana, &quot;font-size:13px;background-color:#FFFFFF;\">;extension=php_mysql.dll</span>\r\n		</li>\r\n		<li>\r\n			<span style=\"font-family:verdana, &quot;font-size:13px;background-color:#FFFFFF;\">;extension=php_mysqli.dll</span>\r\n		</li>\r\n	</ul>\r\n	<li>\r\n		最后一步测试结果，\r\n	</li>\r\n	<li>\r\n		在apache/htdocs目录下新增文件phpinfo.php，文件内容输入&lt;?php phpinfo(); ?&gt; 保存文件\r\n	</li>\r\n	<li>\r\n		控制台重启apache服务器：net stop apache&nbsp; 回车再输入 net start apache\r\n	</li>\r\n	<li>\r\n		在浏览器输入http://localhost/phpinfo.php即可看到效果\r\n	</li>\r\n	<li>\r\n		<img src=\"http://47.106.152.252:8888/group1/M00/00/04/rBEFh10STn2AT99sAADorBqhbX8251.png\" alt=\"\" />\r\n	</li>\r\n	<li>\r\n		至此，apapche整合php部署php环境完成！<br />\r\n	</li>\r\n</ul>\r\n<p>\r\n	<br />\r\n</p>', 'xivin', '2019-06-25 22:47:29', 0, 0, 'http://47.106.152.252:8888/group1/M00/00/04/rBEFh10SM7iAKUvsAAA0yZP0CKc133.jpg', 3, 'apache部署php网站（windows版本），下载php官网：https://windows.php.net/download#php-7.2\r\n​登录apache官网下载安装包：http://httpd.apache.org/download.cgi 下载并压缩到c盘下（C:/Apache）\r\n修改配置文件（Apache/conf/httpd.conf）,修改以下配置，也可以修改端口号！', 'apache安装,php环境,apache+php,php网站部署');
INSERT INTO `article` VALUES (108, 'apache部署php网站（Linux版本）', '<p>\r\n	下载安装包\r\n</p>\r\n<p>\r\n	apt-get install apache2&nbsp; &nbsp; &nbsp; &nbsp; (出错可以尝试更新apt-get： sudo apt-get update)\r\n</p>\r\n<p>\r\n	启动apache2：\r\n</p>\r\n<p>\r\n	/etc/init.d/apache2 start\r\n</p>\r\n<p>\r\n	apache默认的端口号是80，如果端口冲突或想要修改端口号的话可以到etc/apache2/ports.conf修改\r\n</p>\r\n<p>\r\n	开放端口号：\r\n</p>\r\n<p>\r\n	ufw allow 80\r\n</p>\r\n<p>\r\n	ufw reload\r\n</p>\r\n<p>\r\n	在浏览器中输入ip即可看到页面效果\r\n</p>\r\n<p>\r\n	<img src=\"http://47.106.152.252:8888/group1/M00/00/04/rBEFh10V0qGALsLKAAC_zuaRq2A293.png\" alt=\"\" /> \r\n</p>\r\n<p>\r\n	接着安装php7\r\n</p>\r\n<p>\r\n	apt-get install php7.0\r\n</p>\r\n<p>\r\n	安装支持包\r\n</p>\r\n<p>\r\n	apt-get install libapache2-mod-php5&nbsp;\r\n</p>\r\n<p>\r\n	安装mysql支持\r\n</p>\r\n<p>\r\n	<span style=\"color:#C7254E;font-family:&quot;font-size:14px;background-color:#F9F2F4;\">apt-get install php7.0-mysql</span>\r\n</p>\r\n<p>\r\n	接着重启apache2\r\n</p>\r\n<p>\r\n	/etc/init.d/apach2 restart\r\n</p>\r\n<p>\r\n	进入var/www/html路径下创建phpinfo.php测试文件\r\n</p>\r\n<p>\r\n	输入内容\r\n</p>\r\n<p>\r\n	&lt;?php\r\n</p>\r\n<p>\r\n	phpinfo()\r\n</p>\r\n<p>\r\n	?&gt;\r\n</p>\r\n<p>\r\n	<br />\r\n</p>\r\n<p>\r\n	在浏览器中输入ip/phpinfo.php即可看到页面效果\r\n</p>\r\n<p>\r\n	<img src=\"http://47.106.152.252:8888/group1/M00/00/04/rBEFh10V526ABEu2AACkRrMsUhc051.png\" alt=\"\" />\r\n</p>\r\n<p>\r\n	<br />\r\n</p>', 'xivin', '2019-06-28 16:45:46', 0, 0, 'http://47.106.152.252:8888/group1/M00/00/04/rBEFh10SM7iAKUvsAAA0yZP0CKc133.jpg', 9, '本网站介绍Linux环境下（Ubuntu发行版本）的搭建php网站教程，其中包括apache2/php的安装过程，并对其中最有可能的出错给出解决方案，正常情况下能正确搭建apache服务环境！', 'ubuntu部署apache+php,linux部署php环境,linux搭建php网站');
INSERT INTO `article` VALUES (109, '2019最新idea激活码', '最近安装IDEA的时候发现没有有效的激活码，于是在淘宝买了一个，现在分享给大家，这个激活码应该在2019年有效的，实在不行就去淘宝逛逛哈！话不多说，激活码如下：<br />\r\n<br />\r\n4KUMPE5K2J-eyJsaWNlbnNlSWQiOiI0S1VNUEU1SzJKIiwibGljZW5zZWVOYW1lIjoi5q2j54mI5o6I5p2DIC4iLCJhc3NpZ25lZU5hbWUiOiIiLCJhc3NpZ25lZUVtYWlsIjoiIiwibGljZW5zZVJlc3RyaWN0aW9uIjoiRm9yIGVkdWNhdGlvbmFsIHVzZSBvbmx5IiwiY2hlY2tDb25jdXJyZW50VXNlIjpmYWxzZSwicHJvZHVjdHMiOlt7ImNvZGUiOiJJSSIsInBhaWRVcFRvIjoiMjAyMC0wNS0yOSJ9LHsiY29kZSI6IkFDIiwicGFpZFVwVG8iOiIyMDIwLTA1LTI5In0seyJjb2RlIjoiRFBOIiwicGFpZFVwVG8iOiIyMDIwLTA1LTI5In0seyJjb2RlIjoiUFMiLCJwYWlkVXBUbyI6IjIwMjAtMDUtMjkifSx7ImNvZGUiOiJHTyIsInBhaWRVcFRvIjoiMjAyMC0wNS0yOSJ9LHsiY29kZSI6IkRNIiwicGFpZFVwVG8iOiIyMDIwLTA1LTI5In0seyJjb2RlIjoiQ0wiLCJwYWlkVXBUbyI6IjIwMjAtMDUtMjkifSx7ImNvZGUiOiJSUzAiLCJwYWlkVXBUbyI6IjIwMjAtMDUtMjkifSx7ImNvZGUiOiJSQyIsInBhaWRVcFRvIjoiMjAyMC0wNS0yOSJ9LHsiY29kZSI6IlJEIiwicGFpZFVwVG8iOiIyMDIwLTA1LTI5In0seyJjb2RlIjoiUEMiLCJwYWlkVXBUbyI6IjIwMjAtMDUtMjkifSx7ImNvZGUiOiJSTSIsInBhaWRVcFRvIjoiMjAyMC0wNS0yOSJ9LHsiY29kZSI6IldTIiwicGFpZFVwVG8iOiIyMDIwLTA1LTI5In0seyJjb2RlIjoiREIiLCJwYWlkVXBUbyI6IjIwMjAtMDUtMjkifSx7ImNvZGUiOiJEQyIsInBhaWRVcFRvIjoiMjAyMC0wNS0yOSJ9LHsiY29kZSI6IlJTVSIsInBhaWRVcFRvIjoiMjAyMC0wNS0yOSJ9XSwiaGFzaCI6IjEzMjI3MjUzLzAiLCJncmFjZVBlcmlvZERheXMiOjAsImF1dG9Qcm9sb25nYXRlZCI6ZmFsc2UsImlzQXV0b1Byb2xvbmdhdGVkIjpmYWxzZX0=-Lp1rjkeg7jTNPStvLOrJT8vGP/sqmxMe8RVfDVAGQHkQwXkAw1w3W27QLNEmGtw+a6b3zgra98C2I5owLx4ANI25xau7PVa3pteAu5+WHbuT29+H4OCSJAxNZpzeAlcOHlknSlHLO/um11H9wWzq3B1XRoNE7Hy+UHimXjngrO77BOPrbrNxqqVyuT3s66ea/4RAAFqrax4rTIqUxw4HVVQQS5qGpQPArUyuKgkolLFmKSXNl4Yuyc3CCNeV8JvhQDyzTKOZEUzNkZ59VUrtaGcDDCrOZALRAekjL0dVE+gI/T2d0H3gp5dEDZeSdDLwTX3dkbCTaxfSgj+UpuLM3A==-MIIElTCCAn2gAwIBAgIBCTANBgkqhkiG9w0BAQsFADAYMRYwFAYDVQQDDA1KZXRQcm9maWxlIENBMB4XDTE4MTEwMTEyMjk0NloXDTIwMTEwMjEyMjk0NlowaDELMAkGA1UEBhMCQ1oxDjAMBgNVBAgMBU51c2xlMQ8wDQYDVQQHDAZQcmFndWUxGTAXBgNVBAoMEEpldEJyYWlucyBzLnIuby4xHTAbBgNVBAMMFHByb2QzeS1mcm9tLTIwMTgxMTAxMIIBIjANBgkqhkiG9w0BAQEFAAOCAQ8AMIIBCgKCAQEAxcQkq+zdxlR2mmRYBPzGbUNdMN6OaXiXzxIWtMEkrJMO/5oUfQJbLLuMSMK0QHFmaI37WShyxZcfRCidwXjot4zmNBKnlyHodDij/78TmVqFl8nOeD5+07B8VEaIu7c3E1N+e1doC6wht4I4+IEmtsPAdoaj5WCQVQbrI8KeT8M9VcBIWX7fD0fhexfg3ZRt0xqwMcXGNp3DdJHiO0rCdU+Itv7EmtnSVq9jBG1usMSFvMowR25mju2JcPFp1+I4ZI+FqgR8gyG8oiNDyNEoAbsR3lOpI7grUYSvkB/xVy/VoklPCK2h0f0GJxFjnye8NT1PAywoyl7RmiAVRE/EKwIDAQABo4GZMIGWMAkGA1UdEwQCMAAwHQYDVR0OBBYEFGEpG9oZGcfLMGNBkY7SgHiMGgTcMEgGA1UdIwRBMD+AFKOetkhnQhI2Qb1t4Lm0oFKLl/GzoRykGjAYMRYwFAYDVQQDDA1KZXRQcm9maWxlIENBggkA0myxg7KDeeEwEwYDVR0lBAwwCgYIKwYBBQUHAwEwCwYDVR0PBAQDAgWgMA0GCSqGSIb3DQEBCwUAA4ICAQAF8uc+YJOHHwOFcPzmbjcxNDuGoOUIP+2h1R75Lecswb7ru2LWWSUMtXVKQzChLNPn/72W0k+oI056tgiwuG7M49LXp4zQVlQnFmWU1wwGvVhq5R63Rpjx1zjGUhcXgayu7+9zMUW596Lbomsg8qVve6euqsrFicYkIIuUu4zYPndJwfe0YkS5nY72SHnNdbPhEnN8wcB2Kz+OIG0lih3yz5EqFhld03bGp222ZQCIghCTVL6QBNadGsiN/lWLl4JdR3lJkZzlpFdiHijoVRdWeSWqM4y0t23c92HXKrgppoSV18XMxrWVdoSM3nuMHwxGhFyde05OdDtLpCv+jlWf5REAHHA201pAU6bJSZINyHDUTB+Beo28rRXSwSh3OUIvYwKNVeoBY+KwOJ7WnuTCUq1meE6GkKc4D/cXmgpOyW/1SmBz3XjVIi/zprZ0zf3qH5mkphtg6ksjKgKjmx1cXfZAAX6wcDBNaCL+Ortep1Dh8xDUbqbBVNBL4jbiL3i3xsfNiyJgaZ5sX7i8tmStEpLbPwvHcByuf59qJhV/bZOl8KqJBETCDJcY6O2aqhTUy+9x93ThKs1GKrRPePrWPluud7ttlgtRveit/pcBrnQcXOl1rHq7ByB8CFAxNotRUYL9IF5n3wJOgkPojMy6jetQA5Ogc8Sm7RG6vg1yow==<br />\r\n<br />\r\n把以上激活码粘贴即可！！！<br />\r\n---------------------&nbsp;<br />\r\n作者：java1024家园&nbsp;<br />\r\n来源：CSDN&nbsp;<br />\r\n原文：https://blog.csdn.net/weixin_41254252/article/details/95040802&nbsp;<br />\r\n版权声明：本文为博主原创文章，转载请附上博文链接！<br />', 'xivin', '2019-08-01 12:18:05', 0, 0, 'http://www.java1024.xyz/images/mmlogo.jpg', 1, '最近安装IDEA的时候发现没有有效的激活码，于是在淘宝买了一个，现在分享给大家，这个激活码应该在2019年有效的，实在不行就去淘宝逛逛哈！话不多说，激活码如下：', 'idea激活码,最新idea激活码,2019idea激活码');
COMMIT;

-- ----------------------------
-- Table structure for articlecategory
-- ----------------------------
DROP TABLE IF EXISTS `articlecategory`;
CREATE TABLE `articlecategory` (
  `ctg_id` int(11) NOT NULL AUTO_INCREMENT,
  `ctg_name` varchar(255) DEFAULT NULL,
  `ctg_desc` varchar(255) DEFAULT NULL,
  PRIMARY KEY (`ctg_id`)
) ENGINE=InnoDB AUTO_INCREMENT=10 DEFAULT CHARSET=utf8;

-- ----------------------------
-- Records of articlecategory
-- ----------------------------
BEGIN;
INSERT INTO `articlecategory` VALUES (1, 'java基础', 'java的基础学习');
INSERT INTO `articlecategory` VALUES (2, 'javaweb', 'tomcat+jsp+servlet+filter+listener');
INSERT INTO `articlecategory` VALUES (3, '网站运营', 'struts+hibernate+spring三大框架');
INSERT INTO `articlecategory` VALUES (4, 'ssm三大框架', 'ssm三大框架知识点');
INSERT INTO `articlecategory` VALUES (5, '大数据', '大数据');
INSERT INTO `articlecategory` VALUES (6, 'mysql', 'mysql数据库');
INSERT INTO `articlecategory` VALUES (7, '前端', '前端');
INSERT INTO `articlecategory` VALUES (8, 'java面试', 'java面试');
INSERT INTO `articlecategory` VALUES (9, 'linux', 'linux');
COMMIT;

-- ----------------------------
-- Table structure for critique
-- ----------------------------
DROP TABLE IF EXISTS `critique`;
CREATE TABLE `critique` (
  `ct_id` int(11) NOT NULL AUTO_INCREMENT,
  `ct_art_id` int(11) NOT NULL,
  `ct_content` text NOT NULL,
  `ct_time` varchar(50) NOT NULL,
  `ct_username` varchar(20) DEFAULT NULL,
  `ct_email` varchar(20) DEFAULT NULL,
  PRIMARY KEY (`ct_id`)
) ENGINE=InnoDB AUTO_INCREMENT=100 DEFAULT CHARSET=utf8;

-- ----------------------------
-- Records of critique
-- ----------------------------
BEGIN;
INSERT INTO `critique` VALUES (62, 7, '陈勉帆牛逼', '2019-05-09 00:30:23', '勉帆', '1234894@qq.com');
INSERT INTO `critique` VALUES (64, 7, 'xigding', '2019-05-09 00:33:59', 'kevin', '1245678@qq.com');
INSERT INTO `critique` VALUES (66, 1, 'xinvchen', '2019-05-09 00:35:14', 'xivin', 'xivin');
INSERT INTO `critique` VALUES (69, 51, '我最牛逼！！！！', '2019-05-14 22:27:30', 'chenmianfan', '156498797@qtt.com');
INSERT INTO `critique` VALUES (70, 51, '我更牛逼！！！', '2019-05-14 22:28:00', '陈耀聪', '1564897@qqcom.com');
INSERT INTO `critique` VALUES (71, 44, '出bug了，没有内容！！！', '2019-05-17 14:13:37', 'xivin', '12345@agfiwehn');
INSERT INTO `critique` VALUES (72, 55, '大佬，受益匪浅！！！', '2019-05-17 14:34:52', 'kevin', 'kevin@123.com');
INSERT INTO `critique` VALUES (83, 64, '写得不错', '2019-05-22 21:03:03', 'CYC', '793228798@qq.com');
INSERT INTO `critique` VALUES (84, 64, '***分享的是什么？', '2019-05-22 21:06:57', '游客', 'xxx');
INSERT INTO `critique` VALUES (85, 64, '牛逼!!!!!***sb', '2019-05-27 14:59:58', 'xivin', '');
INSERT INTO `critique` VALUES (86, 73, '加油，阿里百度腾讯等着我们！！！', '2019-06-06 13:15:14', '1024', 'java1024@qq.com');
INSERT INTO `critique` VALUES (87, 44, 'java1024，加油！！！！', '2019-06-06 16:36:58', '我是程序员', '');
INSERT INTO `critique` VALUES (88, 73, '分享一个CSDN的博客：https://blog.csdn.net/qq_18298439/article/details/80939968', '2019-06-06 17:04:09', '工程师', '');
INSERT INTO `critique` VALUES (89, 74, '谢谢大佬分享！！！', '2019-06-06 22:28:57', '独行者', '');
INSERT INTO `critique` VALUES (90, 74, '不错不错', '2019-06-06 23:59:35', 'cmf', '');
INSERT INTO `critique` VALUES (91, 74, 'thanks', '2019-06-08 14:44:33', '路人', '');
INSERT INTO `critique` VALUES (92, 84, '感谢，很真诚的分享！！！', '2019-06-12 09:45:24', '过客', '');
INSERT INTO `critique` VALUES (93, 73, 'jvm调优整理:https://www.cnblogs.com/andy-zhou/p/5327288.html', '2019-06-12 20:19:44', '', '');
INSERT INTO `critique` VALUES (94, 89, '', '2019-06-14 23:56:22', '', '');
INSERT INTO `critique` VALUES (95, 83, 'redis、mongodb阿里专家直播：https://yq.aliyun.com/articles/702690?spm=a2c4e.11153940.bloghomeflow.58.2b9f291aAdoKSs', '2019-06-15 13:19:00', '作者', '');
INSERT INTO `critique` VALUES (96, 89, 'springboot官网创建项目https://start.spring.io/', '2019-06-21 23:33:08', 'xivin', '');
INSERT INTO `critique` VALUES (97, 82, '八大基本排序算法：http://ju.outofmemory.cn/entry/372908', '2019-06-22 17:17:36', 'java1024', '');
INSERT INTO `critique` VALUES (98, 82, 'hashmap哈希表原理：https://www.cnblogs.com/yangecnu/p/Introduce-Hashtable.html', '2019-06-23 17:07:52', 'xivin', '');
INSERT INTO `critique` VALUES (99, 107, '好东西：https://www.cnblogs.com/godlei/p/6445391.html', '2019-06-25 23:27:52', '作者', '');
COMMIT;

-- ----------------------------
-- Table structure for user
-- ----------------------------
DROP TABLE IF EXISTS `user`;
CREATE TABLE `user` (
  `us_username` varchar(20) NOT NULL,
  `us_password` varchar(32) NOT NULL,
  `us_nickname` varchar(20) NOT NULL,
  `us_question` varchar(32) DEFAULT NULL,
  `us_answer` varchar(32) DEFAULT NULL,
  `us_gender` int(11) DEFAULT NULL,
  `us_grade` varchar(4) DEFAULT NULL,
  `us_email` varchar(20) NOT NULL,
  `us_time` varchar(50) DEFAULT NULL,
  PRIMARY KEY (`us_username`)
) ENGINE=InnoDB DEFAULT CHARSET=utf8;

-- ----------------------------
-- Records of user
-- ----------------------------
BEGIN;
INSERT INTO `user` VALUES ('cyc', 'e065a92acaf49c822670c4abb9d9a16d', 'cyc', NULL, NULL, 0, NULL, '1235@22.con', NULL);
INSERT INTO `user` VALUES ('fange', '6866730893aa11b9fda8e37c3f07ba16', 'fange', NULL, NULL, 0, NULL, '1245@bgmri.com', NULL);
INSERT INTO `user` VALUES ('tom', '25d55ad283aa400af464c76d713c07ad', '汤姆', NULL, NULL, 0, NULL, '123456@xivn.com', NULL);
INSERT INTO `user` VALUES ('xivin', 'fec70325f077df05279954dbc319c8ca', 'xivin', NULL, NULL, 0, NULL, '1250402127@qq.com', NULL);
COMMIT;

SET FOREIGN_KEY_CHECKS = 1;
